Time,V1,V2,V3,V4,V5,V6,V7,V8,V9,V10,V11,V12,V13,V14,V15,V16,V17,V18,V19,V20,V21,V22,V23,V24,V25,V26,V27,V28,Amount,Class,row_id,row_hash
135366.0,1.98512055269612,0.798210790113078,-1.14593673266724,3.51195677990433,1.04300590855744,-0.0242749816756326,0.527339315419465,-0.201253594146241,-1.40663881924747,1.50029506001781,-1.15171185623004,-0.0102377473006139,0.855193316179165,0.354945515613134,-0.429544584660781,0.955455251807349,-1.04711548616854,-0.65775747127009,-1.37623613877404,-0.203964673636361,-0.170112941646278,-0.554506116349811,0.277028334987563,0.420116899912382,-0.0578550679142121,-0.270871205287426,-0.055648792898415,-0.0425622592153006,5.67,0,203891,c6b233bcbeca57562dc529dd0921141ff0f3b91c
103808.0,-4.51734375344642,2.50022390414582,-4.01392753708116,1.18945163355882,-2.48686063585833,-1.41347553285281,-4.24570662259591,1.26508694822894,1.16882778968781,-4.51390660472333,3.69471123994721,-6.11044323287235,-0.110521636054475,-4.18455528093394,-0.93103463417672,-1.61471832598223,-3.35318018239636,0.236762036968587,0.0038960221310578,-1.05616226010439,1.32694422202396,0.102998961106284,0.508166904438541,-0.278017536127694,0.139721094971637,0.0646100247346309,-0.972358289293076,0.351359561196795,2.27,1,154362,6da57df6d0861257718c2d6c40da399dae7c0490
143434.0,-2.7294819717688,3.31249456257958,-4.24271044395109,5.03698507739508,-0.376561160600044,-1.53246175254658,-3.44915850302961,1.85683931947767,-3.62333368933656,-5.6536376856402,3.94231582587852,-5.8837243606062,-1.34781373713666,-9.26612018494559,-2.4595563246821,-2.20564448269106,-5.70908680498665,-1.11393664017816,-1.55653021213315,0.164287792503557,0.72741506386268,-0.301431744500987,-0.502433327315861,-0.462308576168739,0.510682747439828,0.0466646930679243,0.514645779891103,0.140998673095746,1.0,1,222745,691ee101451906e9b008b0c8e5c383c7f6facd37
61921.0,-0.685259599917819,0.830475413052313,0.947011016900974,0.662648262655467,0.348820521285569,0.223928883408466,0.710611747524776,0.143040238371666,-0.611394050950075,0.20997616900021,1.02240303587292,0.198634600043131,-0.647304633254145,0.605273843506729,0.694164900604574,-0.288590328569973,-0.261072422449843,0.331421342030272,0.462847355917744,0.0558022156845877,0.164417937054633,0.594246456345023,-0.149848449547903,-0.304904179379642,-0.280458844461335,-0.292746252370713,0.337218953131799,0.188987289028409,72.63,0,87644,02b68d8501bb53359776158431bbecf9fb1a9b35
76095.0,-1.15777293429787,1.24733361854808,1.12453756252997,-0.041657176211608,-0.112591967527075,-0.716951682251628,0.223954353667687,-0.701034198654828,-0.173093859986294,0.191917429260117,1.53052742994374,0.225138037822805,-0.992547872982504,-0.117036762696692,0.310313525505835,0.555033434849486,-0.0739255203347361,0.398822972856583,0.112748231223136,-0.111876756610852,0.497829588070322,-0.877134898361259,0.298057339030885,0.439365153516158,-0.146289269584365,0.054581488710252,0.301725528196571,0.116621914450254,1.29,0,120696,448f70e80c6d9a6f3e4bb903ec354d8e6ac0d297
40025.0,-1.10333234785362,1.0631795039841,0.79649463207787,-0.934388287020315,-0.378848131980785,-1.21002255613063,1.09653090128118,0.213990121912929,-0.720047856672215,-0.932644249021293,-0.558614678426359,0.0122204489907506,-0.206880058832245,0.613909505272766,0.234392200323385,0.38716282055317,-0.257045474651726,-0.817440886775437,-0.248495809556288,0.135097471744241,-0.314201716730477,-1.21632181337355,0.283427366951989,0.356553317012461,-0.158172699811155,0.497952058822492,0.0526110155713889,0.0947298771100162,99.98,0,39748,dafbe8bfca58e7aa033e77b83978e79313482c01
144842.0,2.25191370914048,-0.574219489787113,-2.53483627370505,-1.01767443029909,0.269440250470594,-1.37928578772268,0.330358846145404,-0.479897115957692,-1.15241863723298,1.12788604923028,0.581879372287597,-0.574410703858196,-1.08253142804733,0.81196459794197,-1.06787838206742,0.333245020091393,0.296127987344001,-1.13719073147367,1.09399833435915,-0.104411295800628,0.507907589243368,1.46842588137992,-0.271294752252281,-0.316978993526801,0.728670753875796,0.308391286301758,-0.104120522098274,-0.107641431405399,20.0,0,226042,6ecb36e939f9df83a8abbdd58d7f011fb8c53f14
86262.0,-2.19599300742996,0.949721877566511,-0.927169823826782,1.18418345970783,-1.64835694737295,0.167957974813516,0.114717166312525,1.00860612795229,-0.933026151390559,0.0316619140709776,0.995510868898839,0.30673613719868,-1.14182343102603,1.6750594141199,1.19029320327233,-0.266190308550696,0.828942795766978,0.154526195719401,1.53548594837647,-0.677514637985661,0.204555616912797,0.285141937936479,-0.164943461051811,0.0731589001507441,-0.655288187843625,0.465838740703217,-0.834404939474827,-0.0849018172137064,204.47,0,144062,e0ef5c0cdb6ca3d81ddd761e1b5419c31ad6d7a1
48583.0,-0.816561690696292,-1.44931160296335,2.6475799089105,-1.78967839134928,-2.26319452372181,0.676923528660446,-0.527401817026636,0.339656843837263,-1.24126926995237,0.326676992354277,0.153217345721183,0.226927637571252,0.173228550539452,-1.53592873801204,-3.44524028802717,-0.920833792749768,0.919053123559953,0.27009837660384,0.124467528472015,0.0592416226347795,-0.0876856957981195,0.150279154880133,0.318488639660839,0.537198592844477,-0.0291978104871889,-0.32165257005655,0.111733372282023,0.131083253262494,198.99,0,58613,8c5346b83764e66592d581db4050bda2f4c169b3
111019.0,1.99874904323475,-0.461614173898508,-0.592647422257233,0.488367232817916,-0.257919295762602,0.233995616314223,-0.808795439839157,0.0417689037420232,2.93910623666662,-0.519393892199355,-0.85710909818867,-2.80825848916264,0.959365763109305,1.36513006035634,-0.0626368702433907,0.309581674958954,0.011048729147863,0.910165136167127,-0.191523154214873,-0.231387895428073,0.0484292851605088,0.529888595642542,0.0376140212576208,0.0322121658737139,0.0024277741687938,-0.184840860408238,-0.0008640049788629,-0.0423259521174984,29.95,0,157550,c3fbb1a1b80ab06fa47501641313d017d3f2d722
44579.0,-1.57034881023233,1.54755850394676,0.238113329430727,-1.57352803730869,-0.207890142264934,-0.539408642949362,-0.0446443182324924,0.888081277093257,-0.476178791258623,-0.559561806368114,0.27152982380507,0.88318209688416,0.506499536165519,0.660272044748309,-0.353721391379502,1.0805572193564,-0.868637329111056,0.346571890250064,-0.0888843989047266,-0.0250916954862037,0.0207203321607945,-0.150748652367731,-0.114694867503457,-0.44909437914954,-0.108057785553537,0.791869185026477,-0.0301158340103437,0.0903290964202867,0.88,0,50426,9b63e447541abcb42f03b90f5820e2638623613d
52328.0,-0.958914501172434,0.822795055935534,1.47912150069193,-0.134200175650386,0.897212628203897,-0.648718940723225,0.962031389931118,0.0093005486407031,-0.999537701123947,-0.574925008767808,0.759439921254859,0.330760083636551,-0.450409731467634,0.566888713345914,-0.442649034149169,0.367025032954389,-0.924396617592457,0.43489241968505,-0.360203811121631,-0.0329073074824531,0.0781297075471516,0.0139193569666111,-0.380239470608638,-0.0079324771738777,0.759024570232195,-0.439535148631062,-0.0002654969977457,0.0504090033008635,16.8,0,66759,b600b8158715dbb0dba66ea0c6ece4b3bb9c5d92
117834.0,2.08531897496156,0.181520765619299,-1.76075910318327,0.377475488586616,0.526551515131414,-0.78212382898145,0.209949590716066,-0.249334285707924,0.444342478579426,-0.389880767796029,-0.63968278099289,0.306886013818963,0.490072649821911,-0.932929939261521,0.17300985346088,0.343383633127783,0.393918482702643,-0.305457152074169,0.108936562149988,-0.124320177162593,-0.370006782027804,-0.941095600143397,0.315248019773289,0.389848559460549,-0.223963068934638,0.179957453682341,-0.0603959922220693,-0.0310914347126886,2.28,0,165428,223aaf1bbe6d02f352b00a64248f83ee3f2ec7d7
142110.0,-0.509517244100614,1.34211311412509,-0.0990428487143444,2.65203165741307,2.24993329044419,0.820434645189137,1.43094752857323,0.101590744949789,-2.00714589136596,0.815947525248134,-0.905263738034955,-0.570966756638001,-0.679811287397889,0.630738268928849,-0.90490422735943,-0.731518645634999,0.251065246110908,-1.965723769953,-2.61477897410873,-0.414751313036683,0.34764789111025,1.08344783314269,-0.151609653355808,-1.03525723405318,-0.526499670440293,0.120157938568034,0.0740219115080692,0.201843824228791,21.55,0,219520,3eaf2324664015b1b44dcc813ff4c1cffd350e3e
142005.0,1.57238282900911,-1.07310692332018,-0.754193608361694,0.399482126693923,-0.675231213827549,-0.289126209267515,-0.192351405493442,-0.0732365136090185,0.995892438510198,-0.112747992648971,-0.833341557796735,0.336846559015401,0.144859080555808,-0.012668261942768,0.594689656967965,0.48378568361084,-0.529287490978635,-0.402522733896222,-0.079052661419868,0.307759788600075,-0.13242421216706,-0.843048269329853,0.269389688599251,0.730572308178927,-0.708410424323116,0.174868401346778,-0.0882476241166545,0.0031599714682381,239.0,0,219281,83f8988e50b1d391901a30ee22f6b8c8a5ceb824
39347.0,1.07830854947125,0.0222582124603235,0.731944629335779,1.383135927766,-0.403640234513991,0.199791601817323,-0.249827602321486,0.207372222071741,0.281925480417479,0.0112750078083001,1.19466682047138,1.17320338891064,-0.512351304016741,0.150937661409199,-0.891455543272066,-0.549955923762036,0.12088117102074,-0.381340759977181,-0.184188448743484,-0.191309139511169,0.0334705770085608,0.31992061404688,-0.0821835033707965,0.238321214179684,0.596802862075936,-0.271509092838555,0.047975915148773,0.0110032974314377,14.0,0,38172,cee162d00bf7a7ac5931051d5427f441eec4a1d6
47548.0,1.21151733972134,0.270052846796462,0.31586875378072,0.581729992248867,-0.351242249523071,-0.75662424985945,-0.0438672478813405,-0.0326683416464042,-0.162825387092793,-0.101756662817925,1.55775235450722,0.696972041480517,-0.282705500421944,-0.0063753247350447,0.440387030477261,0.695770678564279,-0.232711430258864,0.249343242553672,0.0947090485932669,-0.0949498815071653,-0.240416155866147,-0.753198200577012,0.120875748970988,0.277618783880105,0.171647969473054,0.0784465187493895,-0.0298409949038701,0.0198633092214492,2.69,0,56471,4eb023fdd9b5aaa8042fb5b2096d45e3337c51ab
59135.0,1.02778897849261,0.14646381110834,1.53180143001738,2.53160315049544,-0.691874848848544,0.690760067183902,-0.738287660370386,0.449688270435243,-0.193301049488045,0.694076330840619,1.14242840109927,0.48330556660819,-0.8694964957189,0.119210786609525,-0.245949022991073,0.683754299593791,-0.415186485313499,-0.0134816210220702,-1.12081989244485,-0.228835522835316,0.0393055275950885,0.154858767193856,0.0999044167297151,0.18514778002067,0.110434039589442,-0.0461783610840026,0.044857777490257,0.0235598178891768,3.56,0,81562,134f40cfdc17a8f00fd0d06a2e5c3419843ba98e
48555.0,1.25565865964883,-0.601296849159759,0.62673582367238,-0.762935261548779,-0.995370690912513,-0.363107262014921,-0.681807031937515,0.0646010878213353,-1.06861102609998,0.720127337489158,1.93755136877541,0.346943293130197,0.130106103613117,0.0734089824259581,0.344997677221275,1.07971023889803,0.315821055062054,-1.60595347400089,0.453581507149173,0.0991800793222248,0.0142320502453218,-0.138454304921986,0.153206209936312,0.201137788770818,0.0926876343862347,-0.484475456372665,0.0187464256724672,0.0158394932599549,35.0,0,58564,702e4a5a5f72ab09a5ba32689368203db8b92095
154340.0,-1.04562790901644,0.710745323157423,1.96698023067899,3.14108851024267,2.59059690741854,5.68134731911126,-0.571868932294147,0.920946675026525,-0.587871714318974,2.66354882922387,-0.0990329355296953,-1.03440564529361,0.157033184648261,-1.036898169321,1.952290806238,0.203197394183453,-0.541915258208358,0.652898214552823,0.702739472098459,0.787106130909141,-0.0855368067187679,0.723989346402637,-0.0747947543215828,0.695055289424572,0.130672426407414,0.524633411878975,0.226308315025779,-0.416531250211187,6.04,0,248381,7b060e4ec3d720903df9db2ffbbd16aca6d4b6d4
158942.0,-0.0186372745227905,1.08226150963345,-1.98813079236555,-0.605086739566973,1.11761747362432,-0.651116354453315,1.51500892836337,-0.0704275322235215,-0.528844162436296,-0.698458579207766,0.439197692404546,-0.224361250522763,-1.20418662521447,-0.398977234810085,-1.25997177921442,0.22951584626515,0.436161125845881,0.708252089914328,0.117162496364342,-0.255916218668737,0.164994806529926,0.546039009427073,-0.0881863735670603,0.290413418207322,-0.399426699452768,0.47848289711638,-0.360061773821726,-0.221517786884223,85.25,0,258117,8c30460c0ef3058a60bdeb3a4c8f94d76c95c87d
13323.0,-5.45436177939673,8.28742055534983,-12.7528112729386,8.59434189301081,-3.10600228114338,-3.17994875686414,-9.25279393795831,4.24506220985367,-6.32980084623466,-13.1366983691039,11.228470279576,-17.1313009454468,-0.169401056814124,-18.0499976898594,-1.36623566099065,-9.7235653091894,-14.7449024646768,-5.24730110631125,-0.574675143795817,1.30586191483437,1.84616479291417,-0.267171794223081,-0.310803969751621,-1.20168545799806,1.35217609502433,0.608424596360403,1.57471478384204,0.808725205090233,1.0,1,9210,7bdab6825d7da20254bfd27214be9c6c15b584fe
169092.0,1.99517189054534,-0.473082295982044,-0.686357247233212,0.180079590363578,-0.264930772399307,0.808153544045898,-1.30677078064731,0.456787490756175,1.44625995905623,-0.346547170049001,0.0166289423872689,-0.0732548370165047,-0.517289289164474,-1.48767182086617,0.560432057180932,1.79677363002365,-0.356913530508624,1.90833259315594,0.009727799715262,-0.125081451636481,0.10369686462939,0.403976138248408,0.128683304304525,-0.441238081843497,-0.438168584752223,0.52907911282804,0.0134700439643191,-0.0210822424779086,3.75,0,278750,213640a22bf93e22c3fc8cbe04a6c40fefba71d9
63049.0,1.1971318049252,-0.224256512852407,0.0582413621003906,0.290127756719209,0.153279108023974,0.887940260555993,-0.357044856606062,0.309458039069106,0.489215699485472,-0.0834653176268199,-0.064445765207139,0.410834427636888,-0.650521229673905,0.176987409703436,-0.393227078582167,0.158815417606343,-0.411320898116283,-0.162591689852736,0.696436255401574,-0.0971976009680386,-0.309347820309639,-0.801629163344458,-0.0781935212880329,-1.33928135232376,0.359161325216051,0.383592892733571,-0.0212361268528462,-0.0100596271698475,26.98,0,90190,d5f3bd0d6b6abe5a2ceeb62905e82d979bb5eff6
168907.0,0.260537858386907,0.644354257435478,-0.649921338233984,-0.0534627463839763,0.883229607275667,-0.757973179354437,0.787879469709981,-0.142055994658816,0.291431050813072,-0.926765276967965,-1.72746700226751,-0.977526278430473,-1.19382841394716,-1.07287810339859,-0.588452182392243,-0.0515061580079823,0.7710842925206,0.548232299760989,0.47906618805696,-0.126591335715442,0.124599838711216,0.57231330423224,-0.245022366420911,-0.698143543081605,-0.375306422248486,0.715218376315538,0.0813763864189001,0.108298131888794,11.5,0,278445,e5ac2cbf1d0e22385a40f4cf60d3c44e23a0878a
153365.0,2.0400896729333,-0.0528363143888802,-1.4357405725903,0.147289519926874,0.26751246412996,-0.644014943764559,0.0998110837009047,-0.166899329706052,0.318258989246406,0.176219555479955,1.02155213663096,0.969546200845735,0.0211663717318119,0.666329890340522,0.0790051758202224,-0.0040495920092125,-0.766844064422507,0.452050001923335,0.056641285770067,-0.204726515644303,0.293183019178545,0.940119189257081,0.0278277683400614,0.80087075835879,0.253390849917286,-0.164494709248885,-0.0280723375246812,-0.0614632246383513,1.0,0,245956,2ff139e8e60c42b12703cdd030dac31e87a6bb5e
78282.0,1.27650926707339,0.600085017776599,-0.82602409225175,0.966923255066504,0.658203432346748,-0.265186998003868,0.143435073447347,0.0105679787895738,-0.179598346141752,-0.493355709122998,0.676025941283552,-0.131987493655827,-0.540535335869475,-1.0901097406576,0.540284897279253,1.1615643034518,0.253417889252748,1.54266679605512,0.108308885528114,-0.0875924386679976,-0.0997314002577919,-0.273849505142746,-0.273193835414836,-0.987669282708183,0.796559495657617,-0.270408432278649,0.0259706491120629,0.0341881187776484,1.0,0,126807,82e1569538add4d2f4cfd0223c146557d7dd83ad
88045.0,2.19116701750155,-0.0486879040192889,-2.64302682254282,-0.356340397687007,1.01201947049142,-0.76731747821585,0.577054271502924,-0.300712863888104,0.272400578438258,0.240030170669464,-0.411342056250405,-0.327532164303371,-1.49694230664066,1.23760435675575,-0.0601134853727401,0.0209828054579417,-0.910040807030159,0.580475271991476,0.920610953776195,-0.296028212194619,0.0900747616386208,0.314370083185753,-0.201851245491495,-1.36907962408469,0.540003411378333,0.311269078667891,-0.101068559892594,-0.10674142779089,0.31,0,146467,b9d7ae7d91a6b6c8d3c76508e60efc9fa65242a9
159013.0,1.78329344367085,-0.458827848872177,-2.02272073812522,0.617791172818907,0.475189041196387,0.0109940872719713,0.0672625805683487,-0.0123221293293701,0.620570899771412,-0.346592061957994,0.325229606476749,0.474365798012857,-0.390351017212761,-0.983556735406915,-1.04747898695465,0.393519542668897,0.372173880293486,0.816185060182294,0.391437480101573,0.105010498627468,0.0812251453298786,0.163798079734549,-0.131812038296531,0.0496782638123047,0.144211883235616,0.429996243144289,-0.0691099952517587,-0.0247803627359814,137.1,0,258255,797d4aa8ca5745f40c85fcf7d8272f2e8daf7858
138969.0,-1.24915682532764,1.32313907628735,-2.75128232289121,-1.24110662946218,1.77870946768946,4.73704975826886,-0.201077825055067,-3.69161525365314,-0.493906779207715,-1.49685224761602,0.152377644329777,-0.0076428576156449,-0.511155817782302,-0.106498774700209,1.08508360606246,0.261871543971056,0.607587489461247,0.61356058926272,-0.45650406059824,-0.109218861371703,0.45384337501249,0.691559207595905,-1.14937880209966,0.703472169942644,-0.7937550104432,-0.158927377772603,0.673230738330063,0.166556301928606,423.88,0,211969,1dbfc7528d2e86f4764ae4de866983096e74ef76
65936.0,-3.5934760029271,0.78144226309285,-1.82244751422669,0.605760683474701,-1.19465586719981,-0.517194856719497,-1.72252312325165,0.128889523769538,0.0149633080909052,-2.85611682977408,1.61826162043188,-3.58137450130299,0.623706919914784,-6.16045662030601,0.494733399107095,-2.54310504010287,-5.30127339068683,-2.19271270602319,-0.09472379272847,-0.478219313417121,0.351792125839819,0.391248950287018,-0.252874890557857,-0.498042480147132,0.0101721931231225,0.909928721553306,-1.47876724603751,0.722673039450917,101.5,1,96420,fabca94028d71366dae9681f367a4250cf0a9c43
8878.0,-2.6618021745564,5.8563932148043,-7.65361621324071,6.37974188053221,-0.0607121191362683,-3.13154973153662,-3.10356974550479,1.77849156945338,-3.83115371623455,-7.19160424618226,7.10298858788516,-9.92869994299538,-0.0674983775194601,-10.924186865147,-1.69791397714032,-2.37942098527078,-2.77511389701838,0.273798971252603,-1.38218756352589,0.399096860264863,0.734774950378595,-0.43590118187623,-0.384765904180568,-0.286015663843443,1.00793382365812,0.413195532462339,0.28028415690056,0.303936550639395,1.0,1,6860,54569edd7a522be635db106d136ae88e3e6d203b
4117.0,0.963254478124132,-0.241328890687406,0.525966224685385,1.1577359300346,-0.602130980752856,-0.614006197398713,0.0876770491692297,-0.266299882207711,1.70162108995864,-0.635691645766919,0.318823206849966,-1.91727707789317,1.83469013425401,1.35600443240183,-0.95368635803261,-0.30236139919917,0.755750176793246,-0.436236287468095,-0.0298141376618219,0.136541833878032,-0.295013627716762,-0.728853175679806,-0.102813068920717,0.363723036484457,0.386496649661084,0.215336968797484,-0.0742682374597613,0.0313561367466293,147.69,0,4661,7f3df087f2791345ac56b7d6784edcded9eac509
121492.0,2.08779716586328,-0.11873409327024,-1.52463311999715,0.258800203344676,0.109718395976559,-0.958206010527092,0.0938637586150338,-0.218924008897296,0.822764780640102,0.0538561158682446,-1.02174685392396,-0.586551862202692,-1.45810769821568,0.778863571876802,0.95883576992546,-0.101830644026549,-0.45652901590703,0.177864840412584,-0.190443679005358,-0.314244688991881,0.217782159200138,0.682838098548137,0.0488068477858543,0.726495144344129,0.241339656687259,-0.136513640810118,-0.0346831953025236,-0.0555327601982522,0.99,0,172806,93c538d463bad663fab84ef1047e36eed860dbe1
9997.0,1.18273856736675,0.333476076585326,0.85168122067325,0.899222568686227,-0.473010791776373,-0.779061310649439,-0.0928128879146679,-0.185386173999436,1.27987374803133,-0.483106547361245,1.44043829373054,-1.84189721994304,1.90721766706191,1.72122287366976,0.50019594185111,-0.177297295365681,0.777548796063147,-0.899664389394562,-0.88168566758439,-0.181362030302785,-0.344552648519337,-0.712825557828984,0.242814261231219,0.541968354733726,0.052649490150016,0.0524540886416004,-0.0381801042269701,0.0147351872915577,1.79,0,7369,438b89c8bec83d3bba6b226f0b232693719857ba
164746.0,-0.643042688197407,-0.177267632514692,0.984803301698522,-2.55288289487143,-0.209249295391922,-0.267578888012928,0.132892812833711,-0.653304666746357,-1.44765014989706,2.03895794229425,-0.996768746467577,-1.65887620189684,-0.102538912702449,-1.01463733849306,-0.0464263102785114,-1.08785163209048,0.447814598499372,-0.0320712521044826,0.279395542709928,-0.171518662877453,-0.213541376848706,0.0978377726987041,-0.301745772001821,0.656168040251565,-0.124681872164635,-0.196316228534071,-0.611447373139357,-0.231746212312471,15.0,0,270764,d1f2ad7813c3fb9de6af16392ccf229835dad2b7
90774.0,1.98347313829109,-0.214601228948415,-0.274367438521188,0.573146414458937,-0.264466952473082,0.0419537985094292,-0.658256414762587,-0.10225671242954,2.51895877974946,-0.59777670490955,0.136506062505606,-1.27812672692019,3.31205346236232,0.918585716351443,-0.328649815982702,-0.0209111739148752,0.133790752446588,0.272789426565752,-0.45987328948911,-0.133119074001242,0.0544036945028655,0.69822106082871,0.136773133657205,0.607633278409608,-0.0490422758994404,-0.280314146292484,0.0223988666984722,-0.0336907862201718,12.99,0,148622,2773b10a4111f99ce88f88b2dbd341e449173394
51982.0,1.11527855594816,-1.22158636593043,0.991966892414322,-0.385261637634476,-1.82266515401105,-0.474741634898205,-1.04504233374163,0.02690628325919,0.0251328799948787,0.476128723994208,-0.713081764216371,-0.93922082382892,-0.639350265641426,-0.506671481444739,0.473217822288324,1.24224311870014,0.36724402304188,-0.890210784349353,0.425465737058105,0.270737006808719,0.372905476792226,0.823733334513471,-0.202284794779075,0.432186898398452,0.380580537780378,-0.0571385653185683,0.0204037501167974,0.0455024345590891,135.0,0,66043,dd4e4378e7dd803ece8a0f17db17fc2c5511f3fd
39446.0,0.551061832261223,-2.23831930266438,0.596640767418126,-0.199476952556725,-1.91255323075632,0.2839139097883,-0.792757348658345,0.194524862424656,0.0631958745294643,0.406729214475024,0.36064482874838,-0.387750098585313,-1.30931842204712,-0.369260761637215,-1.15260281635334,1.15007886743826,0.412299418108077,-0.685981529035041,1.21130788528519,0.790969148517525,0.257283579161791,-0.0895140455864397,-0.381366254027789,0.009163333859329,0.20369119094556,-0.278614161243086,-0.0346022087647141,0.0780023885753838,408.14,0,38417,052e33ad940119e83d67002f3a9ba2af21ef51df
121634.0,2.16153133656922,-0.0826663846065114,-2.43818134730534,0.224316822719351,0.73924443963346,-0.984302995568678,0.575522390591762,-0.337711119812315,0.800117309456579,0.0597460231602744,-2.13545372012662,-1.22182240183075,-2.38715653660984,1.07119832280254,0.174295740531057,-0.535818819398944,-0.290322791697574,-0.0305001925348839,0.498045081837219,-0.392873409211996,0.0433657038774668,0.257469746153552,-0.173971919282339,-1.07711272023319,0.604193024590323,0.0073313815705463,-0.0668322554853346,-0.0902001597326211,6.42,0,173117,efb296626f56ea0868d6ec897dab91c8aa5f15d8
33507.0,-2.80213367624511,-3.05323972119007,-0.085812587468887,-1.42378430296869,2.4321185191393,-0.448222001652668,-0.0932027607053868,-0.0690252775161998,-0.545334709055648,0.968140121292615,-0.375060924870826,-0.984598546841584,-0.522018673781801,-0.471122659036571,-0.971981762994836,1.16925371169753,-0.462523544319596,-0.845420326677915,1.01724591941258,-0.458678309781173,-0.0879450103005787,0.963518775257007,1.89054751014836,-1.72179326824754,0.427763976575718,-0.164441659227976,0.148273531941311,0.190171688443101,10.0,0,24974,f9e087f9b202ba68c16e28c821956895c4880c5e
129384.0,-0.688235795055688,0.719317271109813,0.473667695271181,0.622159787041975,0.144344980946087,0.66280032071132,0.0708155645151179,0.604733660528481,-0.543819747331792,-0.441259818149118,-0.0598481570989261,-0.058705240179633,-1.05058621040539,0.838791683592055,0.429137023922154,-1.225752786665,0.782445054151518,0.961711232343562,3.61817354029238,0.270931364219674,0.173187900227785,0.464461632311656,-0.432824820338717,0.259970411607685,0.681282944857449,0.749603482259569,-0.0672855018103524,-0.0289991937804576,44.22,0,191015,89b9cf4be2e748624d092a6579979c6b32190749
85181.0,-3.00345942213401,2.09615030972986,-0.487030347865578,3.06945315960973,-1.77432868427117,0.251804209642436,-4.32877649482139,-2.42547814428288,-0.985222033510513,-3.99521073403213,1.8806015528528,-2.32517912777326,0.636458662971611,-5.41749934539643,-0.262909464785021,-3.81808566437699,-3.70070702592749,-1.99141207812339,0.779950535234061,0.692537380835205,0.163966694003732,1.24564832133152,-0.269241340185825,0.537102119409512,-0.220756683145222,-0.0595547732936557,0.460709677482052,-0.0335506071081744,2.0,1,142647,0dc11bda29826fb669a6d6c60efde50119a7abf5
36170.0,-5.68501341827133,5.77651621042963,-7.06497672861513,5.90271545151069,-4.71556383098609,-1.75563332378958,-6.95867914257843,3.87779518702774,-5.54152882782373,-7.50211219093686,3.67670318691664,-7.64298306727846,1.68986512270453,-8.29965953059956,0.646996364810759,-6.79279505972775,-12.075932061394,-4.88217964265137,2.62662452479163,0.299488632233821,1.12864107441301,-0.962959729230981,-0.110045083655872,-0.177733240766768,-0.0891754157062679,-0.049446723229275,0.303444581632884,0.219380438614266,111.7,1,30875,742a30f00f57fad2045817f5634de7fde5d9f43f
141043.0,2.08054684481655,0.167779737352313,-1.72210722834939,0.403322760017869,0.451990848510466,-0.848387561353893,0.19070266126699,-0.239152168325016,0.481196715446361,-0.380898958127132,-0.596943546360747,0.187142666176444,0.182916356071446,-0.869580239767855,0.197007414061913,0.326745094435776,0.447789680730603,-0.303867386009096,0.0725521158933774,-0.148994180591359,-0.367405706279869,-0.945073224879095,0.332659471123874,0.484915528573757,-0.246958661658923,0.174693361292145,-0.0618870325907623,-0.0309104731935212,0.89,0,217041,2f3233b073298643a43b90d4cff82639256aef3a
116748.0,2.03473885522607,-0.811640878128457,-1.37743754806497,-0.567488017997029,-0.424977074562758,-0.740307761992765,-0.223961540587864,-0.304926548531768,-0.980139068505124,1.08819653854839,0.648194541143641,0.915471660188345,1.24426195439953,0.257674386750025,-0.25731880649845,-1.17513868245268,-0.647730611144519,1.60071631434264,-0.634109338638081,-0.386551787211271,-0.0537337467834102,0.289350595571504,0.0046434311430528,-0.274382166150861,-0.0517226163355303,0.785152846920939,-0.0724827400993081,-0.063468455728018,76.35,0,163862,4d6e2e58c492b991d33f5221037696459b743ee9
123525.0,-5.90492080575337,4.43991138307409,-8.63180221299529,7.78868440738042,-4.98957980058454,-1.20014396478769,-7.6740599401754,4.12576101681016,-5.31577802250603,-4.89115620289902,4.22041859352387,-6.40830067684822,1.32800326739361,-5.853545070898,-0.928337066900246,-7.08579817642873,-12.62385610867,-4.74522383798077,2.79789150183086,-0.505607961764415,1.77502979034156,1.26644115239936,-0.199409588840669,0.0149600028407991,-1.90822653976519e-05,0.544209892335915,-1.16756581297999,-1.20635432583345,45.51,1,177539,dca642411b3f651c343711f2f146d039717350b0
155548.0,1.87823003111341,1.32562957435462,-2.33346899289515,4.23315121365749,1.35518399558821,-0.853508247169998,0.716025067921391,-0.164909788991874,-1.50234450491057,0.259411077154011,1.45123754814542,-0.280523276849375,-0.756794072389194,-2.75755676655084,-1.70628501758252,1.58746039125258,1.92934969114042,1.18943290293776,-1.53016232603362,-0.226108020608619,-0.152130790009807,-0.360735866229707,0.0434144058266633,-0.242379535720923,0.171097766325585,-0.0026009879775509,-0.0266665673926497,0.0052376673818857,7.06,1,250968,954a5c298a394dbcb3edde81f0ba0840f51bda8a
141323.0,-0.128900490670624,0.819066018497342,-1.28608919369941,-0.563723862112037,1.85304527691924,-1.49031540328588,1.66441060842805,-0.487623197982776,-0.901755661903676,-0.960494888360634,-0.482759069542983,0.168732245053396,0.982472848575205,-0.7495561724949,-0.275674965835097,0.0135770361436213,0.329385382290292,-0.0484848321443707,-0.419310077132342,0.124245681364322,0.242411667444278,0.610068433981118,0.0663313794322168,0.690614200686792,-0.709819914664506,0.365890053683834,0.142094273882917,0.278673085454856,54.45,0,217681,4c0046ffd2faac80f5b97654a0a6a7d2a6755c72
37880.0,1.56278186209175,-1.22960092710487,-1.15862969000462,-2.49617424697124,0.974909352127097,3.23763322827771,-1.47892637271465,0.745096733286702,-1.98566543910337,1.4968779823752,-0.242664058806784,-1.0267403635546,0.500079359943093,-0.174380281761832,0.750585146447094,-0.0764099375737971,0.00650158825787,0.398705965726429,0.125492609359774,-0.188505148710507,-0.263261456519282,-0.527888370580078,-0.0068841757940801,0.982099420902492,0.546207636108818,-0.191959105253412,0.0313880192083319,0.0154444251967382,20.0,0,34773,1382829d8e9af08f88a5fd3e19a9ba500364bbae
162218.0,-1.43780951143779,0.19805250158537,0.176388899142801,-3.07034384952267,-1.15612548443089,-0.29982676707111,-1.02364507769975,0.871608135370011,-2.22508507905185,0.808327964567712,0.144558450906336,-0.230761640935978,0.205636680320453,0.0790850620664632,-1.54404346354916,0.102102438968001,0.249565360929951,0.620052412539101,-0.56782529671224,-0.548783068987982,0.03640211572544,0.164697944319388,-0.0824431115192079,0.735385822457494,-0.16404791488791,-0.361516609960757,-0.270025373018442,0.0623256598918279,14.0,0,265201,d1083f1dc194e5c54021b01b1362c5c98601e35e
45261.0,-2.97307639180145,1.74777640683916,0.209761123407854,0.888535035728167,-2.02466867402947,1.43587829227828,-0.613418392075456,1.78847063973744,-0.226962654515624,-0.721230580332646,-0.83371132903887,1.11335788229534,0.405974772031156,0.577302862429439,-0.849581074665887,0.50061447797677,0.174502375887857,0.907842117052783,1.65587984153064,-0.743328852953347,-0.121027332550997,-0.203336559728875,0.0334951295599147,-0.805551623667909,0.577626383903934,-0.276555321246042,-0.559433688358017,-0.209953715620311,193.97,0,51847,062fc6aa6d388b2469c238bf8ef1526e8ead61e6
52934.0,1.03663855772541,0.407227280182074,0.75770616494457,3.16182144737059,-0.568122226356034,0.202180695126505,-0.68980405626803,0.41137993906161,0.336769232300548,-0.283731283967387,0.90311745288141,-0.158825775049249,-1.93070901899978,-2.37665364067708,-1.8101724846962,0.935791272330693,1.59150614830401,1.25947071382768,-0.666806394320072,-0.219461074162075,-0.0501076222906236,0.123760575662397,-0.132567901550036,0.350230553629671,0.507701400813083,0.189620904934317,0.0610156660255082,0.0631412801847289,0.76,1,68058,5d82fcc9de68a65e8c61805316ce41990f1861e1
48547.0,1.19692416646927,-0.189467160461344,1.03236506658553,0.754953977641877,-0.843238040794713,-0.0169389165664133,-0.606097588616031,0.088306860300302,0.930681317006194,-0.250474809618898,-1.13996411725462,0.394310429136869,0.352616735669265,-0.478047088943254,0.212650455429007,0.298643542259569,-0.367227737128925,-0.0988367453515095,0.142319954691829,-0.0501778641738933,-0.115751443774491,-0.148293714953278,-0.0421744710759457,-0.072314123846821,0.324310174692588,0.346099243773649,0.0158429798405766,0.0243920794935021,19.07,0,58544,b976557db6ef74c7758efa9fb7027172edc298c2
157784.0,-1.61453549413703,2.23655506897636,-1.40665957136483,-1.07459976320833,0.713048441531505,-0.412666008627848,0.697932203774938,0.257758782622531,0.831307090790867,1.26618973989421,0.86969423441911,0.85338194994886,0.54029910203655,-1.29729730689968,-0.877221954184634,0.513154755554104,-0.0400221598274527,0.236200752589882,0.0124765900635108,0.773529114025214,-0.486337679659915,-0.863372486405895,0.121597789108536,0.166925261406621,-0.0885963882884426,0.103197289248606,0.418249661372906,0.186256617321987,9.84,0,255685,3b80dbb3d79a23595ea953801e7d0832dcdd5a3b
158877.0,-1.38852269702205,0.051699269862055,0.632121648026494,-0.8724575307668,0.856875014497028,-0.419835397620094,0.325358726792495,-0.77413423969633,0.262929547084062,-0.655772225801822,0.136973257495932,0.284867664914451,-1.30164422387609,0.387006382181169,-1.14381653616635,-0.22164666195517,-0.378445104061591,0.142951425064228,0.619680845060456,-0.488162491221512,0.648913117448148,-0.44628303066712,-0.189359009294134,-0.402828575746485,0.0619807401222479,-0.0782933889203328,0.0140728503573119,0.241650091046084,60.0,0,257962,8561e38b80b7733d1a33873d6aef5429f691b976
137886.0,1.97107053313886,-0.585336870005062,-2.52662500054887,0.501643479615175,0.404828715401613,-0.813267345179584,0.52597286822828,-0.309777407147811,-1.30889899684227,1.37334565766996,0.276360555924663,-0.599135687853254,-2.11240366423622,1.38471831970685,-0.866709755999304,-2.09941698963746,-0.0456005455496767,1.58333482354758,-0.849374320784511,-0.606160745246407,0.0320979977267236,0.367820930631827,-0.173153894034828,0.658816986944887,0.63238137052096,-0.247605517884108,-0.0662091675593026,-0.0641711742775103,105.0,0,209471,5aedf1cb886928f1d6fe8db5e4ebc82cc4112860
73333.0,1.03616970262734,0.196793852386058,0.0778989251734992,1.15510421339652,0.0097212560281976,-0.448626664021042,0.385248176061229,-0.0135052924023048,-0.506496541411593,0.176800150131321,1.69017055134509,0.769446149428106,-0.814782528731982,0.937353951039739,0.286468312397129,-0.170863160375867,-0.195627958220033,-0.610587474969661,-0.310467207166548,-0.0985803558684007,-0.208702452564305,-0.791652247164937,0.0865700398868035,0.155310566155764,0.327197418783914,-0.651041023699669,-0.0066791168660018,0.0178409945818955,65.0,0,113644,2ddfebeea4c3e762b89a09f7b370dd61f80e6baf
144888.0,-1.26316767513211,1.02573688358985,0.798162406015879,-0.47226421026511,-0.571982134694773,0.203383573254698,-0.551682007557262,1.18871791410744,-0.035047508526051,-1.03315707745118,0.20483762831434,0.128028535819257,-1.70121747673167,1.04521841928779,0.0880068312647795,0.437911030686639,-0.186681373019487,0.746645750181209,0.594983492688101,-0.384920731506057,0.0111268863219009,-0.352037578865921,0.0458444540494002,0.621254483890114,-0.389435512237961,-0.582995902782052,-0.22108198085288,-0.0150060719202494,15.82,0,226148,778ee50addf1d6f7a1575efeaa6a34fce5a281b7
56926.0,-1.66711642420385,-0.797629878642258,2.65875008096705,-0.764526399076484,0.173685503042653,-0.385733996013042,-0.0255261474287475,0.030000400472733,0.573843577275089,-0.693119391754891,0.791423236502825,0.86785191645129,-0.264678350460322,-0.730222279663709,-1.4841884249094,0.175151681458115,-0.443529594355271,-0.0712279915834787,0.272470099770053,0.0363158856157758,-0.170494041078086,-0.288359713798864,-0.177015185187521,0.405548741965987,0.115214014909472,0.802485887177031,-0.287902582662003,-0.093685312300361,90.45,0,76875,6aa55adb17dd55a6aeb2be9fa964202f47d24c6c
128080.0,-0.0729548531111925,0.693278758055545,-1.72897306511096,-1.54393344913614,3.14734486383187,3.19330912895363,0.35049017903855,0.881874489653816,-0.088954024832589,-0.692098437672385,0.14639392967759,-0.157701001532908,-0.420885249939439,-0.790367766161126,0.168479344955748,0.207525646292917,0.342436310294902,-0.379970290874571,-0.389308730944759,0.0211115110259785,-0.323094347102003,-0.899317617990727,0.197122752245742,0.59067830995424,-0.41560298255833,0.154528228690359,0.121038237264673,0.0599240789828984,5.78,0,187996,6ee2dde95516082b25489e5a293b0f3cb2d44356
123557.0,-7.03989006689708,-1.29995023881142,-3.88831121727556,-0.272870565645955,-3.49745206920244,1.71688112177912,-1.16441758500807,3.09382500126392,-0.755643286957703,0.0662060732389215,-0.406956275012043,1.37081152589972,0.638042792565902,1.88366161602782,0.688447818426567,-0.891638295708942,1.21465516323726,1.39737765242202,-1.42231609232964,-1.39142946857192,-0.123161112041476,0.675713682446947,-1.06050497201391,-1.45715753586255,-0.234413019077952,0.09388648252204,0.830592502497967,-0.954468527003528,288.15,0,177599,0ecedca2927d8b6ede2c18884abb4e48df8ef1b3
93904.0,-11.3206331107815,7.1919501426236,-13.1790825454686,9.09955188204157,-10.094748875094,-2.44011507020033,-14.1843372950953,4.45250293397358,-6.24196000276902,-12.618162687238,6.05731930477932,-15.7176066468772,0.117817409556609,-8.65374335706751,-2.50255377627617,-11.2313644545234,-21.5851521412337,-9.09089206099764,1.17118873250237,-0.180934725269677,1.08223532776525,-0.350562500439559,0.483043945803059,0.661132920850802,-0.396521511995203,-0.413315388408682,-0.997547797965388,-0.235035882545031,37.93,1,150110,46a68ed6688e3b581c062c9281e4db0893a37ebd
157207.0,1.17075621526687,2.50103820829712,-4.9861592332247,5.37416005823382,0.997798392058317,-1.25900447846418,-1.23768881403143,0.358425624933301,-2.61248850396066,-3.06472953093127,3.48060170327307,-3.73515295429888,-0.594777601745956,-8.22995199210048,-1.47609403608015,-0.408470612919959,-1.48128347210329,0.347626692232083,-1.16441437126035,0.227618255472955,0.123145442805288,-0.713201110003824,-0.0808679133866204,-0.964310260780621,0.338567587684323,0.068629851804667,0.481587901111279,0.268225854368505,4.97,1,254457,f30bb94bee975d8b53cbcbe85050e25ab7d0fc55
51135.0,-10.5273044341626,7.63974510878724,-13.4431145027514,4.30340291762786,-8.04820986720506,-3.46699653575204,-8.64319279153494,7.28410530047069,-2.36209663777244,-5.99659592015915,2.5891035399443,-5.9622614216576,-0.468955402702701,-6.77818372152522,0.907946622048306,-3.97013003226966,-6.85761265464239,-2.51173568202806,0.511761951503497,0.847085223070639,0.937415595523653,-0.931178206442092,-0.235696693319785,-0.0313933540844794,0.591558276561224,-0.263516323288921,1.10889729755393,0.219021143211497,99.99,1,64151,f2cebe3f9b5a3d0cf24f8f89d4ccf379186da4c3
76080.0,-0.816331017686135,1.32985327874276,1.52940324872033,0.649928012959387,-0.0933671008259792,-0.0257657860417358,0.187669459667261,0.482438264076296,-0.723668971545948,-0.641392174138218,-1.34679483768127,-0.362418906780914,0.0563990654802048,0.47993573346927,1.44268363737129,0.368705611695004,-0.36900300987312,0.406575796073606,0.837998287348783,-0.0396446654436326,-0.149253402039652,-0.603531487507137,-0.212828574212134,-0.493065602959785,0.254166451663211,-0.435009738343511,-0.0331352174895648,0.01891443814796,7.96,0,120655,11d1df396f0fcde0c010c5704e34845f597d99a3
169577.0,0.884086351490303,-3.22067897529774,-2.82470610348615,-2.27752778472886,-1.15923862921905,-1.27157024258637,0.84802069492551,-0.609030993600806,0.48095882336374,-0.522136257797704,0.706914489733801,1.10528224882841,0.146754153995378,0.858460706101782,0.397748989179485,-2.50778871055633,-0.10769247585218,1.92103945408709,0.513773680872723,0.812214394049383,0.214842978389565,-0.261136244273877,-0.621691176309022,-0.302286293224877,0.111630049207151,-0.773857317537642,-0.101843642862949,0.0511867145053649,711.56,0,279467,3890a2c1c69a3ba0e2415eafed3e3c373db008ba
154808.0,1.94095275886717,0.679467576161129,-1.93520258792186,1.59537633288478,0.704762606150751,-1.30551516951712,0.567423117197756,-0.384069079566766,-0.0107053215971021,-0.741882963440656,0.133879336052269,0.602243349233547,1.1693690496673,-2.10555053969865,0.41413869091012,0.60888606062849,1.22138510624056,0.248000190566257,-0.698656939226341,-0.0716876270503482,-0.326835546692271,-0.826319487778867,0.223465386353278,-0.315641880862904,-0.0656352345255745,-0.920838695373058,0.04200971370515,0.015191213660974,32.1,0,249338,596e57c52d021c213abdaa7e864b0cc15576cab5
76351.0,-0.810885012640852,1.1647754421816,0.301424477030857,0.508492993850975,0.0212976392985459,1.56309128907582,-2.03973814405183,-4.94921374243547,-0.719187172763524,-1.48090405101758,1.11265115638525,1.89653508150879,-0.516016167526884,1.05781364258404,-1.30898479827974,-0.214789641598622,0.233425383859735,-0.967335456436302,-1.62702931529258,0.991486428543342,-2.49866568551734,0.976897084002964,-0.116941425467913,-0.279026323592743,0.478339020390162,-0.479274772531046,0.152934257423865,0.287464719958474,60.0,0,121403,2f813ca09bfdada9b225ee6a61476c981995d10c
125579.0,2.06085703895156,0.0158878527551468,-1.04217524645841,0.41003359496227,-0.0649588849742094,-1.19638639272694,0.249893176783711,-0.389347675590948,0.398106870034226,0.0452366120646832,-0.572389676867589,0.942895941806138,1.00521524783212,0.0885439628522231,-0.0639626791807185,-0.151910788040044,-0.338668923663582,-0.988029146331153,0.136151100756236,-0.162708024321423,-0.277368095696584,-0.620667079973181,0.329311890790571,0.0721577304875538,-0.267968931144084,0.192140275354968,-0.064707766395588,-0.0576854866683611,2.58,0,182224,2140377bdb35958479a1792e3c1dd5991e14a907
129388.0,2.04399703347272,-0.141728071468854,-1.25408217153344,-0.2187058200812,0.471199465144803,0.0680794151539939,-0.0909068020946584,-0.0392862095043322,0.149194211692592,0.205298377130985,0.586961335649771,1.32165277683443,1.37055275389441,0.236228980223154,0.131015062570546,0.855937591610683,-1.23116110196228,-0.132971869440151,0.637640056165398,-0.0185470639188412,-0.446344422887538,-1.3542832989149,0.438854669608129,-0.168723467132584,-0.58370064420104,0.0154822639978074,-0.0733527317329548,-0.0544399084690369,22.0,0,191023,3687930f79b345b54b649f73b2edc129bfb5d344
66283.0,1.30698524364208,0.319732545202984,-0.0500430383249243,0.499593046322895,0.0351934803144007,-0.590602821377567,0.0762131972910555,-0.152510959945235,0.0860207712165388,-0.284157259046536,-0.813031753569196,-0.0296320081173221,0.39684821360755,-0.341477408021011,1.15335512636938,0.722873351851902,-0.311679475443583,-0.0272094480457086,0.116475840786373,-0.0431616584800795,-0.339890498945798,-0.984952292509747,0.0214342288692868,-0.494831660225398,0.327319607143462,0.145934901476453,-0.0248487126969373,0.0231197202000236,6.16,0,97215,ccf8243de4576beebb24aaec98aacf189eefc8db
164301.0,-7.46556923416988,6.69203571915501,-7.65262964207283,-0.234978445111313,-3.97084386309426,-1.4138631749611,-4.84859510791329,6.25108312176345,-1.24295979559513,-1.87644077270952,-3.17144487778741,2.62516278547954,2.22837165438809,3.12825946276132,0.191677660192318,1.96160935507746,2.74023369470163,1.33220563840778,-0.0963871203930728,-1.23104522831299,0.99593029951778,0.607975406416092,0.68145796817536,-0.050979397164407,0.269106569019222,-0.235817721423381,-2.85689480813391,-0.581621563928481,0.78,0,269850,e801d024679eb50b2f76b39dda05766de0b1ec0f
73517.0,-2.9380105559561,-1.50985158518146,-0.318039197863209,-1.46327232657394,1.99321021212319,3.174356513289,-1.48906123149396,1.9625320866006,0.313050957714864,-1.50486311730509,-1.10977116302684,0.505064200609678,-0.024493719546409,0.149266247392106,-0.761032099312922,0.730624832642866,-0.294653694833262,0.0010803226178816,0.133534243140001,0.208275470030722,0.0017052885557022,-0.82886702298764,-0.387515060030048,1.10595033284932,-0.0427615508341004,0.755415531819306,-0.301470154091596,-0.345466958779358,60.17,0,114060,c27c7b211bce933a5d385367018b51ee0476d704
116993.0,2.10925722186107,0.0770541779998625,-1.95826218683832,-0.0030845844083352,0.726074903356612,-0.86560294106896,0.615268770995454,-0.458268661494411,0.581753682325656,-0.305819265361754,-0.895478520611032,1.21983358631475,1.40899121197442,0.170413799358239,-0.283289830924977,-0.935837757251396,-0.275567166867543,-0.617780692021756,0.497114437722678,-0.127285279959855,0.0015993492397864,0.303407691294301,-0.0106491112369667,0.536607797402901,0.537679713245826,-0.487529545914977,-0.0125717822122016,-0.0561529788867248,9.16,0,164171,2e1423f5f4d3df8e6f9825fd2f440e2295a9d954
151829.0,-0.542854684724796,1.4336079191904,-0.0519217829514798,-0.340500456525772,0.985155474083644,0.341864646445119,0.451617139162367,-1.79875882314115,-0.421240188598821,-0.1825208886362,-1.31803354092654,0.603206300309095,1.61384461113614,-0.0607689567801949,0.151224421301316,-0.392520196174719,-0.222109459363772,-0.445747611246577,1.41405619052237,-0.217997847401399,1.32384973691317,-0.993721357260041,0.165566953906649,0.0587447084181291,-0.595770013177007,0.301825376630103,0.0875969491838385,0.193712212140315,9.99,0,242271,086c92d4781c6e19d7edd17dbd5002aba4a53d30
32745.0,-2.17913506011513,0.0202179180614602,-2.18273279614299,2.57204626116115,-3.6637331119316,0.0815679330899005,0.268048730691862,0.660437428502318,-2.37402736257173,-3.58281002008802,1.97582106179607,-3.50054226479879,0.170681027067223,-2.73594037401519,1.67025110352247,-4.04629299726117,-5.07947908460579,-2.58685704537203,1.66926055335833,1.95796029993605,1.02642111100453,0.299613501640326,1.65680000734873,0.328432501784239,0.106456827905221,0.691774505774569,0.196778974067123,0.241085157494976,717.15,1,23334,3f9c967901f73eb6849f12caf4b76b6abed4447d
82111.0,-0.970236378603936,1.10095931018898,-0.984512781416862,-1.17403196594736,-0.215554686688163,-0.127285853567152,0.113399410416601,0.908709740719312,0.0098162099585251,-0.492745341643692,-1.98595478124275,-1.04519333619577,-1.40457740146536,1.07824401113027,1.10222627834207,0.373576034933262,-0.0030375086196031,-0.248540435028691,0.419528155703815,-0.0761735570286466,-0.047765101469721,-0.246262794077111,0.0356417639327163,-1.28759329367667,-0.444406395858091,1.31296547725953,0.113097434210656,0.0168285539568846,69.98,0,136812,88aea6f157f5c3ea31998b64a38d9cb7c6e132b7
53233.0,1.06923563515548,-0.320210421941587,0.70784183034829,0.595288190636623,-0.869585275550663,-0.195513377473277,-0.543593221753589,0.311105777742069,0.469214385499053,0.129473033104934,1.24522067685306,-0.531242963074698,-2.95181382947844,0.945120235426842,1.02362539324318,0.40074166034789,-0.202898772321469,0.228214704990548,-0.451084967737747,-0.240304761277374,0.0885975576952635,0.066058914840065,0.0442467529464165,0.174690952306215,0.0937640499087206,0.352847616033713,-0.028875991363386,0.0081260722294581,39.9,0,68758,e32c04f6c67b1247bdcb7988506118e5eeecebdc
144409.0,0.0729031864171684,-0.803521381370099,-0.412960129543218,-3.86571049479908,1.54472044544939,3.80230674675806,-1.14055298343953,0.0834390488464419,-2.1728139411478,0.593490206105507,-0.314216206843743,-0.977127422559492,0.0291589992116094,-0.177820802736707,-0.26196246192817,-0.40888846418235,0.254747664474332,-0.33120427205736,-1.05927672955362,-0.435155244960352,0.495571474014853,-0.813396600091749,-0.373152856011664,0.679641693420376,1.7977289184733,0.0175037346257851,0.0591786008310161,0.113635468502381,25.0,0,224976,c26b2224cda0aef79cc490ca3f6ecf428bb0f589
8090.0,-1.78322883722709,3.40279371307631,-3.82274226552205,2.62536815276644,-1.97641541136284,-2.73168901231308,-3.43055914949085,1.41320351399318,-0.776941494554916,-6.19988176274188,4.36671348631445,-8.24326243368313,0.345761165232579,-6.59055029705192,0.265576095932165,-3.02845238846152,-4.21448627485607,-1.21360784773725,-0.265421595374812,0.364089115014408,0.454031931736316,-0.577525824201459,0.0459665375362652,0.461700017592254,0.044146161217817,0.305704433918549,0.530980986346765,0.243745598122111,1.0,1,6570,2df2ad3ebd2765c10de9ba6a069c22a7012b6be9
153370.0,-2.87263709793604,-3.21072129444462,0.862916173497186,-1.39283776391438,2.80809635863738,-3.04175447673517,-1.02661063097381,-0.024796505560606,-1.12731564644678,-0.0936965515485844,-1.32589684035611,-1.40250474660884,-1.05154979637353,0.140814582476017,-0.700789449527081,0.655475724372983,0.279286156196521,-0.977483642604272,0.0556333577401816,0.975037229163075,0.845511644993927,1.28721068502871,0.0098250338306308,0.0247595634906699,1.51150640591279,0.333839961470396,-0.186118629001902,0.0861814100089147,100.0,0,245967,df3cd6f96bb0b025f343d17d203f9b132239d3d3
118680.0,-0.873837564879388,0.474974416022989,-1.41577471117061,-0.484232341958783,1.01639459362655,-0.760008005827861,1.88925991254617,0.0444779464053219,-1.53095878283544,-0.754337734672839,0.713738483541543,0.803727075669585,0.159203973569538,1.16274541233422,-1.33567481917265,-0.466113168080686,-0.274992628325749,-0.0656489775664556,-0.0433860710277395,0.271137152997386,0.537073477331629,1.01236333305312,-0.0610864803957085,0.792702720925345,1.0236669344925,0.67020236709368,-0.314629819763473,-0.170169288748657,193.93,0,166802,d3b3f1e7d3880559c3bb097ba1867d1deebb3d83
139683.0,2.08435133440646,-0.0563996246799747,-2.23255919113465,-0.143710725856809,0.607691922298615,-1.06094561603171,0.531548247813442,-0.260810867574097,0.184398282673177,0.223897757539831,0.842978403131169,0.0322926412240624,-1.8705351210646,1.34257507062628,-0.053454078767582,-0.408878332396499,-0.362735482879584,0.092241698369608,0.33468765863426,-0.315694477386827,0.18321103525517,0.522872503389216,0.0102576574390643,0.716436986305603,0.350857148433393,0.195690930956305,-0.102992622263895,-0.0855360552779296,5.48,0,213699,abb893f8eb9f36e08e7d77e7faec4a295cdd6e0b
128433.0,1.98741077612252,0.157662446981082,-1.93478356021612,1.25526750687494,0.530537746388018,-1.33869473116135,0.798211956157587,-0.456287595890843,0.0073569828538657,0.377467761968648,-1.02035457341848,-0.409249977261667,-1.11039339627211,1.0213480404643,0.356912234418323,-0.372843469094957,-0.378781814522636,-0.326851798456409,-0.404192157100376,-0.264467304561767,0.131660760221555,0.355737380926932,-0.0524717643876318,-0.195753218243556,0.428690924419929,-0.472794329998144,-0.0440111073073812,-0.0600819368108374,48.38,0,188827,76f0291d19c7603f159ce3f346c8831fd5420c86
78264.0,-1.15584070270491,0.997463220655433,0.863995085078283,0.409002856099819,0.0256871013802334,-1.30442040950885,1.17987579159247,0.137276272558833,-1.11816245051676,-0.898902564691544,-0.331316630278471,0.538237912621705,0.410389100031968,0.665360130094133,-0.0622126179669208,0.135699162399572,-0.340809701015558,-0.668480058193127,-0.809919479184323,0.0199968232691415,-0.0954777495950474,-0.734318556516382,0.287399100511295,0.657712192270163,-0.160574653042769,-0.897440584646158,-0.0460684738832684,0.0463334085219162,101.2,0,126769,e1ce2dbf4a1e6b010934f3c287e24d57e104d3fd
146725.0,2.16107929492978,-0.258714395417974,-2.65619250382687,-0.979121549530602,1.03979454935976,-0.457585654179416,0.509077296725796,-0.299882595089835,0.325781740188043,-0.0026831959619448,0.000487919136305,0.665446097933726,0.0169814329074674,0.693122344278542,-0.694788403804663,-0.287534160171859,-0.628764383542246,0.0370813140576445,1.22370494445686,-0.0958968829659059,0.0740654421325178,0.331458525992992,-0.152011770275973,-0.234240288154584,0.439969352918723,1.08756275905742,-0.15346815458917,-0.102779790458364,23.0,0,230496,4df67cd0daab9ced5ff9c0c513d1cee623cd55e3
97121.0,-17.9762660516057,12.864988563015,-19.5750661905691,11.3451198184298,-13.9986456031027,-0.35489996091484,-23.7834698823143,-4.87235340557097,-8.50428479375643,-16.6011969664137,5.56925817499418,-13.9322487527403,-0.204854827407058,-7.58102324741972,-1.01361239001659,-9.01481328062598,-16.0920320589503,-6.05014766257303,1.66102935873752,2.41992113013135,-4.30043186631826,2.8657718597682,1.48930201538756,0.386039288843108,-0.232391836340479,0.413826703027495,-3.25598090607432,-0.538963227046118,8.64,1,151632,8b319fc7b5f9974d12b3ad4e9a381d17b8ff12a7
53584.0,-0.342311264902737,0.966371197562709,1.71840924567829,0.446224774258252,0.0778924821468301,-0.594828422417248,0.617859261402952,0.0336523353666613,-0.820220371670327,-0.280885261100117,1.45365395789168,0.868804883159398,0.12208403602592,0.381644594150032,0.0846578959192117,0.263639691603257,-0.659146127046548,0.224564637701953,0.0638947674731903,-0.0585516583158893,-0.0877458856674929,-0.336111051130024,-0.0333438155600892,0.498352545711736,-0.116815392876957,-0.702033108897494,0.0476484892752735,0.0286927737943237,1.0,0,69528,61cb5f0b5d82bcd61dd52826b83e2fd40645a06c
46926.0,-0.693635028430864,0.956340513148465,0.98986085535195,-0.0846017881601195,-0.224475961355696,-0.217363424292194,0.3800910113034,0.45558879737178,-0.714466301427,-0.671025233363651,0.621993415281566,1.06669213181529,0.451303491588427,0.375934955727129,-0.80724270085251,0.200981475079349,-0.343669012310469,0.118696656702833,0.687318809548161,-0.043758355474431,-0.0156014898126149,-0.15854634432879,0.0636956493093071,0.0302642000313002,-0.478626691171811,0.207312265659336,-0.0268631960418644,0.0826294471446892,42.8,0,55167,978415dae82019ba314eb5d33b305f752103427b
70828.0,0.196706751987779,1.18975728641634,0.704882217511495,2.89138777331251,0.0455553693851548,1.24573045976205,-1.19871420021049,-2.42161641083942,-1.23208864617238,0.324238886093679,-1.27393508028395,-0.868686295319925,-1.18194465496857,1.0275841718551,1.68813234484864,0.256215978185418,0.120608339589106,-0.0523460171330233,0.329826631850516,0.646616407050903,-1.32813178943378,0.189310618105111,-0.005524183595721,-0.814707739467747,0.400924279960331,0.286281378755055,0.135214945600326,0.257314769060283,0.76,1,107830,b9390ca798ee7ca88ad2724577eb7b2ab6cf3df1
5528.0,0.175644932809777,2.19319518193205,-1.92644204066694,1.94493992997466,0.583267492318589,-1.73796307147595,0.417761870434972,0.188220914697982,0.944188588295659,-1.51522348447814,2.21023778379311,-2.81261937112918,1.23055869779991,-1.75209708435797,0.551975327680216,0.46861063487666,4.19880386155112,1.20697093594804,-1.20851666221351,0.0104809952442337,-0.224825527918284,-0.186253825880798,0.255399341354335,0.189204510624475,-0.558187269533404,-0.435423339353828,0.226608532719296,0.008027968772158,0.89,0,5454,e0134b2d4f71e886bf88e37e71459eef32b1896c
29485.0,1.30256661721152,-0.833113088637457,1.06143625341959,-0.676944246577403,-1.69348262113141,-0.55440105009566,-1.21647290767096,0.153531516897828,-0.444686927401891,0.817701638148079,1.30575680461703,-0.67803713233402,-1.30905734852102,0.0608191569753969,0.564929677577649,1.68742051051174,-0.0346170803481098,-0.238967416596816,0.443631483842084,0.0132833133710509,0.43349811829053,1.08009004085586,-0.0775078757234136,0.550716934450401,0.3165641862809,-0.0755000711846349,0.0228042147306026,0.0158317029720283,19.0,0,18357,1828d375ea9be3ad7c32e011e9d9896c0f215346
41237.0,-10.2817840384715,6.30238478416897,-13.271718028752,8.92511547634157,-9.97557831146449,-2.83251346361162,-12.7032526593299,6.70684583868978,-7.07842395823848,-12.8056831898117,6.78605830197451,-13.0642398936784,1.1795245105938,-13.694873039573,0.951479176238826,-10.9542857275047,-20.5835927904158,-7.51726213169106,2.87235363605874,-0.247647527731929,2.47941350799644,0.366932842343897,0.0428046480276363,0.478278891799746,0.157770817898023,0.329900959238367,0.163504340964582,-0.485552212695879,118.3,1,42588,e9879459c7937404619e289bd6fe091e8437222a
150494.0,1.85288909461877,1.06959286384179,-1.77610127333886,4.61740996943795,0.770412982482834,-0.400859125659044,-0.0409701223190008,0.089510462944554,-0.217705276444853,-0.373927299894818,-0.688453906925825,-1.46320692427849,-1.6241550000894,-4.25246559869278,-1.34017588388911,1.73287279987949,2.93448122378549,1.43719657244596,-1.92330893857582,-0.288392191215266,-0.157868695659099,-0.176243751892623,0.0274369456443017,-0.468006202781987,0.0580627992795879,0.148263059959904,0.0422777637492948,0.0405727519213252,1.0,1,239334,f5d0e979b80e8743935b6423aaad94311335b88b
13366.0,1.27974308002781,0.304300290268681,0.334028414609803,0.512375369819903,0.0708064633340013,-0.14406041547311,-0.140314135819435,-0.0958511783746213,1.10070747854209,-0.271088351716109,1.72067686525279,-1.62936492193648,2.18869897023484,1.78626122111314,-0.364753383962397,0.702818170702522,-0.251895662612169,0.474688629113506,0.277919541678076,-0.0885543935371354,-0.408899571494302,-0.955920090651716,0.0319734059495389,-0.558522126327064,0.280612152041127,0.0892721575315244,-0.0594600897923389,-0.0056694419159032,1.29,0,9232,b6f444f8d883ba060cfb26be9e6b3d94afdfe58d
42448.0,-2.89095842559306,-1.48144729740883,1.10869538501102,1.36410467477251,0.554708373705515,-0.215789247778902,0.727329712152786,-0.113395533338304,0.168823005831412,-1.08976795595684,-0.0997482917938759,0.217729294422393,0.627843758828573,-2.244664972767,0.198242266908569,-0.406627757374941,1.73682132698285,-0.0676820867016369,0.749938112441245,-0.71571475594196,-0.323434887208597,0.537751404823768,1.31260070408939,0.0689277423099266,0.829152659303485,0.864916777488882,0.299106237487308,-0.0692596995506324,198.37,0,45468,bef30a21eb0e523e40f6c20cbf67dc23429dda49
151029.0,-3.81821371829341,2.55133767783118,-4.75915831591909,1.63696695878653,-1.16790008391088,-1.67841338780471,-3.14473247208576,1.24510555037845,-1.69254135414833,-4.75993137385013,3.64225693939881,-4.165202322571,0.703069875094878,-7.62431631397779,-1.49801239964762,-4.07999232998846,-6.71717654755023,-1.88754964911755,1.35674828969143,0.164453445972909,0.837685440079622,0.761712127064149,-0.417694265920243,-0.469712471536136,-0.225934235750846,0.586415248500604,-0.348107405939032,0.0877768724326224,10.7,1,240549,0989ae725948ff3b1bc0ae51179cc48aebb91c9f
75581.0,-2.86636370525907,2.34694943137396,-4.05330668845935,3.98335888025187,-3.46318571327039,-1.28095301603103,-4.47476383461874,1.21665528478137,-2.30982869782019,-5.51550707258062,3.04839203447565,-7.12825076846601,0.0059558009251745,-7.49518733635876,-0.25108802193356,-7.5680148993231,-12.2236328477344,-4.89517519350497,2.52496746940249,0.270013154062001,1.04973156228305,0.475840283409025,0.404480059350581,0.282029789710327,-0.506901095688855,-0.371741093052833,0.615256964379468,0.803162841917988,124.53,1,119312,90f5e1e37c78fa00b3a377531333b7040a64279f
59896.0,-1.4211389586983,0.0612554333168995,1.9631795581068,-0.810645542824279,-0.535288339784713,-0.0613950355242356,-0.211885915127262,0.679559043985485,0.366599944470007,-1.52942564806993,-0.895039149714384,0.802763510442548,0.403857132070904,-0.431987807564071,-0.834735220839168,-0.102088249360148,0.2774550524099,-0.998557174883555,-0.574152411843748,0.0227078112945278,-0.0114085854070718,-0.175389929401757,0.0574375959177844,0.157844355538654,-0.168473207155798,0.805048328670513,-0.0955979166273574,-0.0362008550407948,62.21,0,83212,120e7142650b3f9a8d9889e9743120b38a0f19c3
17187.0,1.08837493830851,0.898474023721059,0.394684329076182,3.17025757451452,0.17573879687403,-0.221980885195245,-0.0229887284923858,-0.0108735366656839,0.860043617194172,-0.592472935320844,1.07272839973578,-2.54755681422931,1.23595005675711,-0.330305803751441,-1.02235437464957,0.335642172519614,2.29899822072815,-0.1620962094812,-1.53270721248432,-0.217358192249005,-0.423553904215867,-0.800852284805578,0.0776144554303444,0.167608452574198,0.350181817443194,-0.118940929478619,0.0129477659306532,0.0542542721018558,3.79,1,10442,fadec1638bbd9a8db80e5ea238f360794e66df9d
40918.0,-3.14025953779538,3.36734230912012,-2.77893140701488,3.85970067435928,-1.15951836286203,-0.721552487906327,-4.19534154281433,-0.59834584749232,-2.87014477203106,-5.29061006200618,3.82376208408163,-7.49227616878309,-1.52436747989794,-8.52767862203589,-0.391214524543396,-6.18087991000233,-9.6988394108884,-4.81823334077503,-0.871581688476025,0.0777814455070256,2.45233850455703,-0.292962575086153,-0.189330326319261,-0.166482104307702,0.0380396237066075,-0.0154765350217125,0.776691265853111,0.397557490298277,0.76,1,41826,da6ccce5e95a917fa2dce67ab0984feeeddecbae
120824.0,1.73246442455726,-0.245167832109511,-0.872546772735411,2.73866356322082,1.9193460360476,4.89365614689227,-1.33257992433763,1.29640500147459,-0.332409084010261,1.35381214149571,-0.514987056621243,-0.14263029987598,0.0786256737554035,-0.134665438355246,0.272510638251968,1.4792358713824,-1.18392522818568,-0.0122405716810308,-1.97719964319583,-0.0831006615117093,0.0881117311174442,0.071164479373124,0.328595763483841,0.646064866352131,-0.508563607376132,-0.153086164382145,0.0425449979218881,-0.0174027624356161,56.89,0,171163,3981a94b574e3d8915a54b555fc928958b9b8e80
108965.0,0.0996046546572877,0.801435275033935,-0.0387599789280859,-0.602144923479307,0.846545987926924,-0.528668293630908,0.786492765288512,-0.12758243373485,1.56131267620455,-0.73341239962645,-1.19008129258052,-3.58836917499228,0.185397391315036,1.81380501268704,-0.882972025635227,0.258336624054868,0.0400486630404181,0.0683910383821979,0.114922063729923,-0.140217797113169,-0.494426850588947,-1.08539964373591,-0.0142321589493034,-1.11728061511064,-0.426947203056556,0.169550937450222,0.206237587567972,0.0775906254708404,7.17,0,156221,d4cd46e3e2a09888d2ce39d8eaf11387c91bb0b3
152055.0,2.08630271537394,0.222408526528074,-1.74896270610686,0.371875890491932,0.57603692355565,-0.7691182849514,0.246945948306329,-0.280569445670698,0.360921834297967,-0.405929492252745,-0.545691886469144,0.600009005497015,1.04119281168556,-1.04268824884924,0.112498915237493,0.317489628687099,0.362413105682703,-0.373141001896279,0.105311081242254,-0.089617135482738,-0.363851401087084,-0.89579740136365,0.308896727840716,0.404923822563614,-0.205203657254723,0.178142427377031,-0.0567361515508458,-0.0299599263749709,1.98,0,242839,7cf087c85064fec1773828dd4032bcde19de799c
118973.0,2.22749952069424,-1.46890314620521,-0.788259064409561,-1.63507992816208,-1.28518167683367,-0.369473296951698,-1.24976580491427,-0.0723363107363226,-1.36595645750262,1.70979471098208,0.476054542043771,-0.0509020831854109,0.620125053926298,-0.35399067829684,-0.77827271011616,-0.278494666699561,0.147167833975196,0.437792402751533,0.147439963900241,-0.382960930056484,-0.111121574200041,0.164455041071265,0.193011308710838,-0.408797817236767,-0.252487938867502,-0.174199423766624,0.0188675063897314,-0.0574787132813045,30.0,0,167305,19a5e55a6bb5bf8983d3c854d8d8d996670febc4
87202.0,-0.41982017420894,-1.15597800832635,-2.09251550244986,2.78675032975706,0.736296592040403,-0.167291965690249,1.60002746290919,-0.117426851332358,-0.796953814299879,-0.133950251206468,1.03303201224459,-0.284367998317494,-1.20827980965211,-0.429211904447448,0.248945360461687,-0.928921529997167,1.67998551904683,1.31533886586358,2.22616065557659,1.27535802653094,0.48063971759843,0.533516931196614,1.28464540597639,0.516131270391061,-0.60294109971583,-0.305023689896282,-0.0213631449369425,0.129096385608294,451.27,1,145246,c7facb56c9f50ad8c2c0bab01b0d3dc649b670a6
151488.0,1.94297804317739,-0.215713828475732,-1.15715032917542,0.407138471301694,-0.104243714651661,-0.85702858623345,0.141096086029082,-0.146234750514821,0.624530238166841,0.0540223255528236,0.868003705475694,0.93269697394618,-0.846090359889464,0.661714949211688,-0.674866688180454,-0.355830290416998,-0.325618247149021,-0.220212410919957,0.42330246129809,-0.252252060991504,-0.14708151377883,-0.336195031823748,0.229703087823017,-0.0186086813790988,-0.0991186030754078,-0.525299608065814,-0.0222666886579325,-0.0599363280822893,28.01,0,241532,0892aed3e3ebc5e57762c0cc76c880d08be8bd38
154221.0,0.0979972477546883,0.870043286743954,-0.0141506789590119,-0.764923663002278,0.802363443445926,-0.688903438620987,1.01569242789643,-0.176999435840815,-0.0399460660535315,-0.418529375643898,-1.54598801562295,0.05586850780307,0.454490093677994,0.0049343019704595,-0.382640897592084,0.111290039191677,-0.699802571235283,-0.541640735811821,0.197531793110452,0.0047086123433835,-0.306640661560985,-0.684229820585562,-0.0281052406233289,-0.714089315720104,-0.378499668447833,0.183892086108968,0.248389526040102,0.0904331023586862,2.69,0,248136,9f531497d985c1a2e9e364608eaa9be3ec2df41e
150928.0,1.86675557822526,-0.294364066138267,-0.245308511811251,1.50905345440582,-0.514698516086159,-0.0428463363174882,-0.425794876507923,0.19967419703465,1.09871059462011,0.185666018768368,0.306659241787878,0.811471045281451,-1.55289559778428,0.187641636205426,-1.73967820282194,-0.254983554394291,-0.140579927767692,-0.353488597422491,0.404527029098034,-0.362937983573366,-0.472797942244872,-1.16044279192008,0.453947512022208,-0.100586425657026,-0.419010079425515,-1.12114505070082,0.0452971870236622,-0.041922003443431,12.2,0,240313,92c2b5e43b82b44f8a482627aefafeb224f0a56c
163883.0,0.400517615721801,0.955956329157246,-1.85623720839086,0.9377834830733,1.69017237111059,-1.03739018966064,1.70335901243932,-0.43437710996895,-0.70288451357667,0.426497243790098,-1.28692166066533,-0.434734171468556,-0.577951341607104,0.9785398317825,-0.26036419940367,-1.29368296469127,-0.015120003866827,-0.108508152771836,0.489405571206977,0.0755684836950772,0.53523522963523,1.7605532144706,0.057672597693751,0.644591074335328,-1.07859740111822,-0.385470623436097,0.582599824300375,0.417221749983427,45.39,0,268994,bfdcc5e3f7fc504445a1257f84389f4945e1791a
154309.0,-0.0829834650336291,-3.93591892431521,-2.6167089860612,0.163310074791927,-1.40095182767067,-0.809419404822953,1.50157983974791,-0.47099958719182,1.51974319879361,-1.13445381068391,0.71387764641859,0.979674835308759,-1.33903126624009,0.984993219111346,-0.382470968292812,-0.934615796103053,-0.0524194348357059,0.51116178431397,0.731998749113651,1.87861160253024,0.70267203994139,-0.182304775613767,-0.921016986180311,0.111635488151138,-0.0716222119619373,-1.12588109590433,-0.170947427341269,0.126221382847378,1096.99,1,248322,e8c3e74de13e064ae894fe83a8aa2248f57c37cc
33572.0,0.751073735538877,-1.12556208199908,1.71418653729884,1.77144695476589,-1.64712517635659,1.17438970016094,-1.2624124249407,0.609207590731457,1.87814392531136,-0.251489960872903,-0.394145055701015,0.459321174956298,-1.80741353940292,-0.683485094411476,-1.93390471896952,0.0030946180919599,-0.031314516603785,0.888078680103937,0.408246877164035,0.0733992014550238,0.188941944140582,0.609473347481743,-0.330078052386795,0.0221444097819437,0.482203535360102,-0.10657889930646,0.0780756306226234,0.0518481054585198,166.25,0,25265,53ab02b61181d0fe39a9f91e0cd482692adf53a5
137877.0,-0.111033870379317,1.2630794931262,0.186063392783803,2.29012942501856,1.48748860189456,1.42850728766618,-1.04019414554427,-2.30594130536757,-1.68310717159885,0.360809063999513,-0.650237203790509,0.0089324182200225,-0.808825890393184,0.810222658547855,-1.92231293863659,1.7856361142393,-1.50135037687498,0.349570394619394,-2.081729463838,0.323713756529723,-1.23926321343869,0.223818365320227,-0.668772867071367,-0.245620087456997,0.530429032344061,-0.137132503688957,0.11003048646447,0.291493855728787,0.01,0,209450,16816328adbebee55d86746cc7ac7a9c62220a1a
39808.0,1.21276421441262,0.199577367695033,0.711635662812227,1.25101154465672,-0.650883282110157,-0.768652969797292,-0.164198128372722,-0.0365074663175516,0.336090915911778,0.0698726000522699,-0.61782889368131,-0.493425152993853,-1.2535569497567,0.484619591337342,1.24267388254849,0.428405801280822,-0.476007975823198,0.0676008436779758,-0.458932255310384,-0.222563640329758,-0.0944223619612391,-0.318352446642474,0.0494351336020136,0.313449524777817,0.367908844457303,-0.473562080833746,0.025505598250675,0.0285109936370069,3.6,0,39205,12224ec2d7eefdf1ba2949e59ef2c4e9fe3466eb
152448.0,-5.38017072929337,2.32191012567884,-0.469877375702308,-2.82349675552373,-3.61783875428287,1.13789759291827,-2.75284315701469,0.789698435331066,1.73912105639229,4.33188016450171,-0.843624857943141,0.565571739075708,0.903482082794777,-2.39761126340539,-3.0531647020256,-0.77649657239269,0.621244933537417,0.747315122026812,0.397546230603712,-0.967608321065354,0.508020036295937,1.3656668780419,0.128640816254635,-0.320836264941723,-1.59971212829085,-0.847443261551034,-6.84338193613397,-2.81418205473391,36.37,0,243778,453346618748c9078e872e0889745d8f9a3c66b6
128594.0,-2.51480829175925,-1.14725593164754,0.398488501471546,-0.47825987571687,1.92826455437776,1.62793926874807,0.630039812790142,0.0995226011179887,0.309136882406684,-0.128975736649804,0.829079972410152,0.477642492801457,-0.421280994341322,-0.05501939494897,0.408875916462143,-1.32747940226244,0.356517549240999,-1.03446989990577,0.789430671254946,-0.277184584235016,-0.282328477133823,-0.128279552737189,-0.968539295971816,-0.848350488930968,0.288854582836885,0.130996025073564,-0.751006456480467,-0.726596454445914,134.6,0,189192,99f07d9a0c2f49d8a4171d47e40da22e525d65db
59360.0,-0.295297189044639,1.26600551307144,0.238562599846374,0.557506963068707,-0.501765137104505,-1.06256466392226,0.15753062075575,0.322180264713059,-0.175198470593391,-0.214797366514639,-0.543730748666663,-0.367193731482443,-0.679090684992033,0.110893511306658,1.15085693974387,0.296753166790241,0.373646656996292,0.0984733081034491,0.44239619005453,-0.0623529680771209,-0.10789951461588,-0.377213375133127,0.361452477286107,0.307646226171449,-1.36704606263682,-0.0317279277567254,0.159669643942509,0.181849864096743,11.99,0,82022,6e88f61ee77b748c8bdc85f2cfb64708e361e3f9
163694.0,-1.53286232772792,0.183319536808849,0.870850218384342,-0.57027797018502,0.174497234389152,-0.777750081116919,-0.438590961643562,0.499396861343707,0.298346826876755,-0.608353682725548,0.990383019070504,1.59978542619481,0.901613427219601,0.199294388727307,-0.0284360216546999,0.47509900938475,-0.811787582981705,0.384851079488064,-0.182809595575223,-0.265208402886331,-0.0409380268312086,-0.12222255381407,-0.418003213889568,0.0216172375509629,-0.169038347836568,-0.949629826741639,0.111291401058734,-0.264355868566626,1.0,0,268583,109b7463d93e56a0da2e736d5f7b87363376ced8
143456.0,-2.00658175419571,3.67657741239774,-5.4638107839612,7.23205827524957,-1.62785946243328,-0.996754564165374,-4.29983258601582,2.26886675517902,-3.65106703430768,-4.40092985049667,4.21321289394162,-5.73781516761686,-0.875693366725877,-8.89372633557037,-0.56243377737014,-3.28178373472677,-4.3689859085708,-0.736733764663363,1.60929290421203,0.474414052771714,0.713906864071022,-0.0638675905141125,0.16794731876444,-0.449863968939219,0.0237020976105368,0.536905295464468,0.485864026565305,-0.0423934808851287,1.0,1,222791,126db4d12f3188664597a518251790aeef43d9a7
80662.0,1.20451354261204,0.265538359314295,-0.0389096166766909,0.943107516148456,0.0141053069707939,-0.565495406873562,0.245716629912662,-0.0833437244886754,-0.26847412572557,0.204088361708581,0.902336180828231,0.418464076081947,-0.746887447916152,0.791241312975543,0.178425856127542,0.246662968124535,-0.690417857926922,0.386712105476029,0.132606939249768,-0.138197177725922,0.0021985012367533,-0.0545568498854064,-0.153654620301574,-0.0115656978984252,0.713590592760438,-0.354548462069944,-0.0084446300533104,0.0046429720634308,20.64,0,133635,6c97ab285191392223961fd6faa59dea4d7a70f7
45327.0,-8.77050677666637,-8.78028601147616,1.72332082211624,3.01163916431654,10.6520151806608,-5.30724576131933,-7.20731503735923,0.246910928511515,1.26763353107701,1.89825293924178,1.24566581081922,1.03339682058721,0.568428310726495,-0.563642410184418,3.51986854227379,-1.05581192247934,1.49154222761403,-2.52776058090192,0.108023798302126,-3.41256669045896,-1.46423665607604,-0.69729564135929,-3.31828033021116,-0.500402703210357,-0.787324683629234,0.557869980857375,2.58677077497287,-0.957704642741222,6.15,0,51977,954d4a7bb6269cd4efa942631d6e08f3b748cf6d
168638.0,-0.105218425688989,-5.20102808710629,-1.65880687148331,-0.515180186670429,-2.68411597753379,0.0178770845775977,0.294892315706783,-0.370513309998801,-1.46941443201157,1.02546367063851,0.940091387489507,0.824557341260824,1.59676509607983,-0.412762897968512,-1.24972037505644,-0.370891514944837,0.447416315963461,-0.0299225659909628,-0.0532695922577659,2.05389205201433,0.227789388406692,-1.49165641158897,-0.556166993591682,0.0306653193238375,-1.05004321089577,-0.722131915916846,-0.184687920678704,0.162905617428583,1209.36,0,278038,93f80ea1d0be0c40ae6d82ff4fe7a82efcd929ff
56692.0,-1.08567471989172,1.51959879679465,0.331338448053383,-0.023593309164758,0.659393941928567,-0.565413293474321,0.532219871944408,0.472310504974796,-0.823832533482288,-1.18444966070278,0.565272126512297,-0.26113243053936,-1.06058925678063,-0.554132008803756,-0.157781902548012,1.21234343639573,0.145196787730865,1.43200143014956,-0.56596013091747,-0.282180574061877,0.0874165308241228,-0.0326008955962009,-0.402996744596014,-0.501916773857454,0.341865778067482,-0.464918090098098,-0.157798161785766,0.0297846894755218,1.0,0,76375,d0764e9c8732c2a71cbf7f6bbbae4355bc010d81
100924.0,-23.9847466495794,16.6978316913154,-22.209874815521,9.5849686202149,-16.2304387891461,2.59633265752887,-33.2393281671892,-21.5600394546929,-10.8425258685569,-19.836148851696,3.22323270290842,-10.8951335063028,-1.52345240330584,0.116303256118652,-3.09880532704263,-7.60642457511483,-18.1082610229766,-7.51186615794432,-1.24328515722898,5.80455066066397,-12.6150228644215,5.77408726884239,2.7502214496329,0.513411099654255,-1.60880380395117,-0.459624387540527,-4.62612660780224,-0.334560720645878,1.0,1,153640,d5b6d92ce3d3c3f06ee5ff8b383754cd879496f6
51155.0,-11.2054613927303,7.91463349246877,-13.9877516388388,4.33334117975523,-8.48496952268505,-3.50656117309394,-8.93524303241605,7.70444915069923,-2.33658417970129,-5.92735916911943,2.47040101557896,-5.7885170305197,-0.391939257057427,-6.52746224116063,0.899859362283244,-3.84729284231041,-6.70063744821132,-2.49261610727828,0.469554313978012,0.860911741764656,0.942593331002491,-0.987848114682141,-0.279446305433771,-0.0272992246723051,0.644344195524188,-0.263077923082484,1.08402252771111,0.211933356664813,99.99,1,64200,4d8513ec7d3f929265f4233630ed3dd915d12f01
36761.0,-0.282074276169043,0.43629636678405,1.3532367376669,-0.0217020585971019,-0.224250959938462,-0.0001323189085094,0.927242878068003,-0.132469975146513,-0.29145593412904,0.0014196453934697,1.68832539058622,0.553250185581878,-0.462708042327709,0.19323603698031,0.380058173658607,0.0863732103770782,-0.458262662123669,-0.359239582357159,-0.175618288166902,-0.0595193890116946,-0.131731326905913,-0.298639487039943,0.289343513886816,0.187437321106798,-1.0706597641128,-0.152724018937709,-0.168381183224162,-0.149940922198319,108.07,0,32222,8a08c90859099b74394306c1a3e547a376463bd6
84262.0,1.27580618275175,0.510730116713727,-0.110066382659016,1.10664895577176,0.0489722496459299,-1.19057306182926,0.563412803716743,-0.364624347820102,-0.302145383189624,0.0406923271984723,-0.334939128845747,0.298015475052828,0.149726315501248,0.533545642223299,0.665188721407675,-0.22433600387478,-0.321085752880107,-0.389261807403837,-0.25449342871665,-0.144067413385858,0.0051451269980891,0.0789591775009078,-0.147596376211918,0.410750745165416,0.857544253205978,-0.297044956769959,-0.0070476732880834,0.0114056155651786,2.24,0,140824,6fc1b03ae99e9fc7f963e61efb20216fd6d26f2c
31579.0,1.13462628572019,-0.774460180348161,-0.16339009269286,-0.533357638698998,-0.604555320909393,-0.244481761446319,-0.212681760067389,0.0407823913523671,-1.13662692251248,0.792008719708469,0.961636810663055,-0.140032855236252,-1.25376159907652,0.835103033784568,0.458755575375613,-1.37150262268132,0.0201648458547957,0.796222623736663,-0.519458976185732,-0.396476170216256,-0.684454388803275,-1.85526859595365,0.171996520021294,-0.387783213048222,-0.0629846180507824,0.245118416376501,-0.0611776649979294,0.0121796064942159,110.95,0,21220,342f9fae242c3302e1e5cb2f0840d9ac9758b423
44532.0,-0.234922308660103,0.355412643473604,1.97218278594888,-1.2555927126284,-0.681386509254345,-0.665731671302037,0.059110489686438,-0.0031532770910343,1.12245113562848,-1.48124586053984,-0.473852105914046,0.9221844195147,0.913513839827119,-0.499349578859305,0.933898442932603,-0.560471962989049,-0.207706529097452,0.380541571066627,0.574335960915453,-0.0034694628125566,0.220670430492642,0.912107214037724,-0.286337679755902,0.451208246513352,0.188315252003614,-0.531845781256926,0.123184687838547,0.0395806345060398,1.0,1,50317,90edd2563888844ee7d689befca8679fcc61859a
141904.0,1.85635873364269,-0.206471953337729,-0.511968343448317,1.47107010398694,-0.0204904872242742,0.250877265361131,-0.156558175772466,0.0067773599976126,0.969227401670632,-0.0847288314686605,-1.16485106385874,1.36879206943984,1.14820891710733,-0.534746399822869,-1.25387480794598,-0.475760122439191,-0.136222065089083,-1.04741526226007,0.176787317383523,-0.0881378798627144,-0.489765957562107,-1.18227745698854,0.408563671350448,0.555057926162349,-0.270622406956153,-1.13766634686879,0.0526532133144063,-0.0141265097375644,53.87,0,219051,78cc7ed2f25b8e847b82985fd53cea470981da94
144111.0,0.307295105252693,-1.5311842370426,-2.88759876414869,4.57136900556091,1.04843669347212,1.75230622969561,0.935735304762775,0.300157871754095,-1.02331662235837,-0.199563774362893,1.16086103571541,-0.123574450943596,-0.507213714146577,-2.67555672241981,-0.971538464240441,1.0757309768712,2.3018071477217,0.396902435830658,-2.59029615988921,1.22914156483883,0.447241668184315,-0.149005009990281,-0.633220570969907,-1.87401435840632,-0.312654216567126,0.131625632639889,-0.0877365246323834,0.121247963560036,758.58,0,224281,7b09efe0a69e44238e0a73b5496b9f853eb86160
14413.0,-0.781022319754992,1.13029894151168,1.09672895953002,-0.19389796845965,1.10956303186118,1.57588717875677,0.135780968592881,0.628293448685799,0.834712616897958,-0.589870424054614,3.11593232960165,-1.64041133042776,1.61722830318039,1.2403450492876,0.589676166169761,-0.640370961184226,1.56851375408507,-1.2197712923034,-1.46052798731877,0.0740230599275942,-0.29693020662011,-0.353780476464514,0.0746297975880182,-1.46106149042982,-0.436268568675155,0.169740380569198,0.395230631561624,0.122853240183141,1.29,0,9543,04f0dae42a2bb869ebe2e265144f79223bfe7458
24583.0,1.20197741025245,0.392529388559375,0.396089944273101,2.57699974169931,0.56760906274627,1.17304394201448,-0.261221908849014,0.146433466056799,1.20735514653758,0.10806527946459,-1.13007915996393,-2.80652475611557,1.56984243993957,1.22847508927173,-1.25961095137923,0.191184111468976,0.364024612494892,-0.216622474247252,-0.651211839913627,-0.203240390747576,-0.292677945980299,-0.385849444572337,-0.214895571033898,-1.36773745339039,0.707743659778175,0.155056431738442,-0.0059986333477821,-0.0027754258978936,11.37,0,13795,e797a6bd58e2e1d1578946d928686c7949efc931
124769.0,-0.736995737014487,0.721144777829815,1.91988403969465,0.696341297229228,0.793981697842664,1.27138299752262,0.912867111363462,-0.0471697434984605,0.207781477816702,0.189867603207029,0.129378101388058,0.343815083688381,-0.637391378663108,-0.557373986531281,-1.27035303016657,-0.758150236792975,-0.213468019824586,-0.0234092774865461,1.73994143007784,0.274448400980344,-0.645919532545246,-1.26870730563161,-0.265094833951645,0.145417390192391,0.352879111655076,-0.87009862203235,-0.0741216433444819,-0.333985688564411,50.97,0,180293,51452aef75969a427b09b70a5901f24eceb00af9
116718.0,1.88520655270674,0.465460211280393,-0.509730190982305,3.94647172052573,0.286931795977609,-0.0398887888995411,0.16051480261984,-0.110866522830813,-0.695526514423584,1.3571403512491,-1.37781176042648,0.114603403747079,0.267687385237267,-0.077448206314037,-1.52550138949732,0.369706873348621,-0.471823953336291,-0.663270150499896,-1.42233186343876,-0.274638228628027,0.0914561171520559,0.455763343166154,0.07651892576676,-0.005827879197398,0.127714405102103,0.0980850310178373,-0.0223200572825858,-0.0488185476131984,15.16,0,163820,44cbe574b11a02f88d3c1ccc317d5a47abf681d3
143354.0,1.11833065981936,2.07443887131076,-3.83751827706316,5.44805969239449,0.0718159680535395,-1.02050922759556,-1.8085744418815,0.521743506077524,-2.03263824879436,-2.73279196653765,3.2740753098509,-3.541687479312,-0.946820179878694,-7.55572894101666,-1.7670051458427,-0.642332574056763,-2.11442919291931,0.183327412773884,-1.17779250651196,0.163513485137887,0.289861124197445,-0.172718010367512,-0.0219095177813472,-0.376560088595995,0.192817419134693,0.114107224212598,0.500995608471866,0.259533270224708,1.0,1,222539,edec21e99a77cb0a5a3e4feaf6194cb6d4253f96
108236.0,1.97557491389422,-0.269339647801974,-0.180874101933373,0.558781326165495,-0.737136440079801,-0.741920654175485,-0.630645374728169,-0.0851195291382868,2.81360971443035,-0.568180308692852,0.046013235134192,-2.70637230823951,0.362413950303212,1.7865293612788,0.524999167958923,0.19800908794353,0.210110165214495,0.364455804238258,-0.415494510203465,-0.366476542585522,-0.273842660430534,-0.478861828275233,0.381220894055398,-0.170388475477705,-0.454467849652157,-0.95591809368218,0.0253922280722345,-0.0353510507679938,9.39,0,155893,0086d52a52e161ec4a26fe17906913de07afec9d
169188.0,-3.4606831334081,0.104371780659239,-0.313733496135622,-0.31918388276565,-1.20314939020978,0.0439243785622814,-0.940979354913741,-1.76797869986201,1.3641842305018,0.387326814311013,-0.146112933641301,-0.757974538757701,-3.38650826110769,0.735510566650052,-0.388784465509279,0.896184121165982,-0.323180986544663,1.04366766893085,0.0012179898553241,-2.15438105456127,2.25144198281402,0.349069424373175,1.07254794970355,0.0442338444879268,-0.725385673524009,0.48753253156872,-0.119369220359989,-0.0512856347397059,109.99,0,278880,f5aaa455166d5c12be21b20d0d8af8789f931370
40.0,1.11069200372208,0.0819419013829698,0.406063037313593,1.29074038305994,-0.169813148258441,0.120955382832246,-0.080845204793183,0.17437308481531,0.152070726014375,0.0652667231931254,1.02454976986831,0.793137179599713,-1.01503970254654,0.422995451627276,-0.706629551160314,-0.488455357544419,0.0585314477120091,-0.383627225929433,-0.0740676980785363,-0.2198461004264,-0.0560239846247868,-0.0116030864282728,-0.070482892402791,0.0043451914572597,0.60392864054067,-0.327424451316207,0.0298896885491626,0.0049442961758508,13.84,0,56,e4136475f28d3fe94bc24eb2ddc479e318fa1495
162755.0,-0.458553926005751,0.663620822936893,0.186418263677826,-0.54384787052822,0.562197690245062,-1.13063154980374,0.943699012017709,-0.26630063886827,0.117295590391815,-0.180007059628027,-0.852788514903516,0.155349421313064,0.0273734946481537,0.0314871062593962,-0.314840961455215,-0.153858803494968,-0.378676824263482,-0.850697425113499,-0.113955438774747,-0.204389644790396,-0.26964761009049,-0.514939745896826,0.336218540086011,-0.0220557571765735,-0.459398283311172,0.132997759054215,0.0548805161133921,0.0422804471274862,4.99,0,266421,5e0ff229c98bc20bf13a72144549ad2cda740ae3
54945.0,0.866891520908017,-0.899855706948333,0.97168986576035,0.131152442443366,-0.931563479588187,0.906297053284468,-0.806257760789624,0.485834826336017,1.0172347359775,-0.405590713247347,1.25413995097706,1.11830259397741,-0.742022045016527,-0.15485734275879,-0.415923864448543,-0.471385996969701,0.495034442582903,-0.952262727500201,-0.0001098760147564,0.0556043626259385,-0.0660679598397036,-0.177037924729719,0.0381594680320162,-0.211134179934421,-0.102590042202319,0.974236849888103,-0.0292684463621601,0.0154136135254809,119.21,0,72748,8bb47a70eb716de5267ee55c0a71f5e9b99c6006
37578.0,-0.258475846469152,0.0702487869269894,0.660268126490285,-1.72621281617485,-0.188174022625284,-0.0380398969950368,0.253242400330051,-0.0636416195957054,-0.9372705260559,0.404685485870012,-0.113677188079358,0.59608388803514,0.662786086740776,-0.391165234436258,-1.81806293544873,-1.17859111414665,-0.568345890933421,1.27901154493203,-0.403112861201538,-0.576522540037266,-0.404328144220322,-0.62570731641701,0.115158087633961,-0.474227046787182,-1.22059427674828,0.56273042464731,-0.0917915909402767,0.21283200747931,34.97,0,34108,ac6ba481967b35d5dc169aa93ea6a3bdbd48f566
58466.0,-0.766283478741096,1.25584452870181,0.772388969213639,-0.133596003407177,0.103854737029643,-0.0273281120821118,0.230803304360833,0.641884918689913,-0.848658886761597,-0.629518688962213,1.31143016896505,0.881500010602104,0.39466496232523,0.0415957052967143,0.40262451472336,0.49480429390496,0.069332032013283,0.0267082045161673,-0.0462198441228125,0.0421674735542332,-0.152296911947158,-0.513582889283302,0.0473054789169162,-0.354990537007099,-0.180900307115979,0.105606978589598,0.129337707576654,0.0200138955845825,17.99,0,80092,e08ba294c2794ecd4474ad14f7722a236827fc64
155264.0,-0.332846379028793,0.621667636607055,-0.0562172558828022,-0.224584648701205,1.45429800066714,-0.879947157116834,0.733495798686878,-0.101207106696212,-0.359860552874369,-0.957089742429782,-0.700492782658261,-0.176910939910501,0.0328037764633671,-0.866730240800342,0.0700619273978186,0.0125662640181674,0.625025356587778,-0.16715030961189,0.345013799383091,0.0777847835047775,-0.200248915839898,-0.635581080565869,0.134143232626699,0.515703325846698,-0.80234529517474,0.150229814230539,0.135402188563242,0.230930425740336,1.98,0,250267,3215555cda170056e6dd0b4e7ae2c00dabfbfe3d
34687.0,-0.860826892469905,3.13178963278262,-5.05296813449749,5.42094070941518,-2.49414141557203,-1.81128662834635,-5.47911745062699,1.18947198655298,-3.90820579292615,-7.06074618169306,4.72997415443333,-8.62905440849263,1.17879796289388,-11.1820634139742,0.445243112696547,-6.53298227788478,-13.3892507167674,-4.48041256680694,0.432054206519352,1.0857595200589,1.19269353963797,0.09035581053399,-0.341880850908644,-0.215924151333767,1.05303194615504,0.271139003495332,1.37329957704625,0.691195095871691,19.02,1,27641,c6464c47e58f047ac7a35ed343240fb5284a941d
67857.0,-1.73933378422429,-1.30465465035444,0.314102907291187,0.0537401062585881,-0.0586957001779964,0.0712595573040713,0.694861852921962,-0.313269934817745,-0.649377114028123,0.517567879914365,-1.35655775612738,-0.238382663867126,0.0695790190825196,-0.431690053731737,-0.674723889299605,-1.65416180710569,-0.0539606012956825,0.520745840192804,-1.55456174696529,-1.46399432399357,-0.665172078751849,-0.632078028662709,-0.421175799634968,-0.400774352865197,-0.001640301894043,-0.495162312868153,0.0316326197006312,0.0662796878513276,320.0,1,101128,6763059e33ef1d7530445d3fa7799c6e944452e2
64673.0,-0.904292695987104,0.15452950004827,2.97423990323661,0.0653472823374928,-0.710002220991899,0.553290149021782,-0.0588253102199308,0.426279918046655,1.01398247100356,-1.31322047598943,-1.06447101648023,0.779608509670131,-0.247542999388799,-1.16721415235768,-2.14426998396448,-0.773318508652983,0.558396952089003,-1.08216129045614,-0.629599206750403,-0.115092813250676,-0.062804749746723,0.182608346402884,-0.094703195981606,0.454586449618441,0.0174909249797167,0.237647995280562,0.102098304527689,0.103281052947105,36.98,0,93647,a2c6a7c6eb5a82647883a39d645ae63cdf13e351
44759.0,-0.459012085406874,0.750319776770831,1.38135486278235,-1.43800636869053,0.25893138161116,-0.651685819819775,0.734811198400239,-0.028984888172018,-0.579522808583966,-0.737181872227884,0.991251795622753,0.779169900238284,0.436308431346397,0.169188088995021,-0.357781223351904,0.727526340038997,-1.01595830351258,0.123505985784017,-0.207576318188129,-0.0730732293521279,0.0289710622096967,0.0205067084902086,-0.180536997388251,0.0767614649844679,-0.319023293064505,0.746189115888097,0.0106580274933503,0.101589948845673,0.71,0,50800,fb68e51e6fdd151708c085d8f23b946efbb11aac
29605.0,-0.884603870526833,0.560218327706135,1.90133125838999,-0.415015159074929,0.483556223543438,-1.00606955313038,0.520050791385112,0.0217057849392638,-0.839893669459643,-0.559488454675672,1.47589215203141,1.03281399921265,0.419808957898373,0.263027971425274,-0.31819170899877,0.5411749308181,-0.834608688709268,-0.0409798076268765,-0.377796997036766,0.0261706154027579,-0.0694727326820757,-0.421442807037704,0.0018180789055519,0.528066459893428,-0.207065018747551,-0.0821716480368878,0.0266938540072833,0.106990848981447,0.89,0,18512,d0aa420999416a155bf60533056e78321b0e1c9a
160667.0,-0.827492003653618,0.459047849300952,-0.553376681713125,-1.00930156988529,1.61868528207475,4.5959607891076,-0.50755219115291,0.429334139918308,0.205101234222943,-0.310426653082311,-0.401911346876601,-0.011019807735131,-0.0589928027058576,0.0441283787215853,0.939758473207256,-0.182048539529549,-0.123950872209552,0.208394539467178,0.61556405929595,-0.246604101526735,1.02096131677732,0.754869275945941,0.140991002780226,0.772084946778787,-0.639361387027337,0.709521254479202,-0.0794461684211085,-0.150505560487029,103.8,0,261870,1bf236836850fb40e24eec44e5fad7c6da39fa92
36576.0,1.22483161541134,-0.541881598446469,-0.0255841816928239,-1.90084333730357,-0.922830253437018,-1.50628094182441,0.0560072468356744,-0.299691613504462,2.00439109871474,-1.61388330644548,-0.244226774325275,0.941795995563836,-0.270319332329485,0.257531101731192,1.28387968777889,-1.25187548663326,0.213128699726032,-0.22848537653382,1.35604207811779,-0.0194377377858044,-0.157520598873054,-0.310533958428554,-0.0941403094161056,0.406006108689096,0.676598808340166,-0.900180548226936,0.0548006927633333,0.0302438720317682,57.01,0,31814,d2fe721ba11252734abf5fe4fdb5cdfbb3a32579
142505.0,2.02349362789858,-0.382349703918878,-0.669474144198346,0.238735990795772,-0.110965397992652,0.310161095194139,-0.621481171613062,0.0505532613793016,1.36675734615948,-0.207620241700407,-1.43212875344535,0.711500889660449,1.15873098342482,-0.42877060572359,0.518235263307064,0.205306826875669,-0.773310630093581,0.26280393627691,-0.0344644129121419,-0.113542007073072,0.158986837182861,0.72862838228442,0.0623346915483796,0.0736319535026715,0.0308745916947702,-0.203701475331816,0.0446404578896462,-0.034710333636273,11.5,0,220485,273f71bb2d56aa31d8c7a27e3115395a15bd66b0
101051.0,-1.46531575579616,-1.09337687781209,-0.0597678482279439,1.06478463530602,11.0950886001596,-5.43097128323669,-9.37802517086658,-0.446456139679101,1.99210961400888,1.78592177154007,1.36858453419511,-1.47169658834377,-0.72475884619705,3.44242199594215,-0.957403224855046,-1.62612941891216,1.41821495932655,-1.41791682839858,-1.65176618071699,-1.4576102135585,1.16062328833533,-1.2596968082996,-15.9816491909559,-0.883669935248733,-3.53671623161143,-0.59296488849027,0.675524833181225,0.424849351792902,0.92,1,153692,72cbba7b80151e50b7b000a986ff685c29abbc1e
26863.0,-21.2091195927913,12.6521968313004,-23.5539329441267,6.17407791004356,-16.026658125511,-4.42219459449987,-16.2294437253382,14.1160019049786,-3.92274144947115,-8.72024451506225,5.49388683652872,-7.7408158639401,0.384814230466723,-8.078240669038,-0.0148996037313368,-6.7012888702885,-13.1592668578419,-4.90303149501704,1.1462752482696,1.60243883702914,1.75844007534189,-1.52258816196329,-0.903860197993699,0.130166452450156,1.45485651906738,-0.223214403323927,1.55092845004664,0.461459566763514,99.99,1,15423,a675dd2a0691acb2f0d1a47ae26d8518ff8207b7
166728.0,1.85840426311081,0.328272669673021,0.260729597033483,3.85260372717149,-0.17750895956587,0.351545562964389,-0.429553728313172,0.033804203752788,-0.449630260880843,1.3317583767939,-1.30650042654576,0.485685019675759,1.5006866258345,-0.560639525546408,-0.725556624010586,1.16160000258196,-1.04823428538039,-0.0274804264810184,-1.72819404382136,-0.169474097356873,0.240174795329789,0.869711798008151,0.107815513650959,-0.0855842296574191,-0.123682233737349,0.0888850983661231,0.0236243378425285,-0.028822123927561,15.16,0,274765,a547af5236f980c11ab49063e11d5537a76c45d5
161592.0,2.07356868964196,0.0107701245810427,-1.30319083627953,0.369705616479804,-0.0322685761454466,-1.37269520303671,0.266446684875006,-0.413798573974245,0.578943790861639,0.012084402951864,-0.667445030474707,0.361280774336599,0.177810986623842,0.465553140291128,0.727357017895068,-0.224618896940631,-0.50616761330269,-0.0819107762231015,-0.235850476754249,-0.238940466289221,0.246938130445821,0.886852998184526,-0.000318003838243,0.0867771252621038,0.270930652023626,-0.11156812692532,-0.0188251881630101,-0.0583139267754749,1.52,0,263808,275d1c3a35a01dd16ac457adacc4ae76f1f56cda
71142.0,1.23857707876521,-0.616669386556405,0.659939872228124,0.0519420022038186,-0.92298765680111,0.264512690958047,-0.754730572496742,0.18519742580084,-0.661731785886583,0.71646079478688,0.887944336549929,0.896409419479408,0.0190139080240607,-0.111365570899002,-0.96622028361413,-1.93044993344903,0.368291483947952,0.837854435602094,-0.641854996786499,-0.546882783156448,-0.390383436490064,-0.428508023640971,0.0275108123174343,0.0411790952201443,0.331993959548212,0.424681097194745,0.0233252381701388,0.0039714616876214,11.5,0,108511,d1a3e82421e4e12158cd9da630dc72cfcd764c0a
100298.0,-22.3418888868038,15.53613332478,-22.8652284959099,7.04337354768731,-14.1831291919342,-0.463144880408286,-28.2151120538009,-14.6077905214735,-9.48145633401495,-20.9491915543611,4.73958247105186,-11.9249546896802,-1.50141102577851,-3.83678146634435,-2.72032883823594,-8.88010567222989,-15.8251362851177,-6.75042522352437,-0.129188144339879,4.10001904830367,-9.11042257588182,4.15889482041313,1.41292844456256,0.38280067392155,0.447153952515532,-0.632816336434319,-4.38015425911661,-0.467862869164174,1.0,1,153242,865e33d55d8f4c467fa864c48d6302bbf315d93b
29298.0,-0.23504648327524,0.67120799489089,0.497113428272106,-0.302482584956782,0.990453618135758,0.229208074161072,0.79199186294612,-0.0828657438095757,-0.776205664363697,-0.368527824575494,-1.21631839452398,-0.0649745324374524,1.2198300742003,0.122792121631413,1.40453175274402,-0.376633108853194,-0.123694705931005,-0.424782637426002,1.37069032440345,0.280110328771663,0.0076215112225569,0.059706510923538,-0.197539656050049,-1.22701060380516,-0.225461186174184,1.19258654874908,0.051860630538564,0.11221248159078,37.0,0,18151,c297478517fafafd8116bf4074d4076ac9b7f8e5
169770.0,-0.141828547649604,0.569769934532438,-0.0457093989667058,-0.988408637220673,1.45386956018426,0.949321408513848,0.601494440156861,0.403562402044008,-0.278043455583471,-0.368450555590517,0.855558886540964,0.927171994385768,0.0966366689957653,0.335964075142824,-0.301878427686551,-0.591690619392792,-0.0676206351464823,-1.40134963251295,-0.623167964082514,-0.0739157670793823,-0.161755644047879,-0.233573374886717,0.0762221547140384,-1.63555172247242,-0.642353991472936,0.25208655047544,0.290213543226002,0.0720334659903175,1.98,0,279759,b64cca6efc3c2953ec016b683e50a5c13ccd9813
146494.0,1.50791862664816,-1.26213949526115,-0.909079517148059,0.461784647488637,-0.732004757433594,-0.17930326940138,-0.277883697880302,0.0477297534032771,1.45314492633736,-0.198456433276263,-1.33401570464246,-0.691226664295967,-1.661332381346,0.457603008332024,1.28719626251053,0.576425400968385,-0.675800503740995,0.331201557294998,-0.131189585976491,0.236581831119712,-0.0254395715243438,-0.697886128201585,0.1584896255229,0.385952875367916,-0.549040455749594,-0.654289906247476,-0.035393629837044,0.0160368038733328,272.48,0,229959,ab3d7a5589499bdc782e4877fce6e0e1e661917b
49579.0,0.724621107679743,-0.438852920606399,-0.178849275492447,1.46099850087585,-0.404810854372858,-0.948557606656476,0.728014296367292,-0.337025821216967,-0.191188194341243,-0.0412657685547824,-0.4340888800119,0.0570216678065854,-0.240323303786305,0.582957211628806,0.800104259197615,0.0083981802459642,-0.350209759150224,-0.226099991469068,-0.421714275285333,0.388531112580931,0.131916905925159,-0.213621030019321,-0.328477699538028,0.399954703894313,0.612936410788991,-0.370773013887279,-0.0512927983007064,0.0639232997865481,277.12,0,60707,369f9f59f9ebafdcc869b10b432c17007db527a2
50599.0,-1.13188789812995,-0.643268641424898,1.56350085959179,-0.778753010485056,-1.39682520421862,1.05061106235979,-0.156071318633465,0.334781277943444,-0.893653616693141,0.881239790113753,1.55824632149757,-0.965157549268743,-1.2021896803187,-0.078750706940219,1.48144182588141,0.748970610091201,0.749078325047981,-0.792917111563594,0.942408812037117,-0.0422889970150802,0.44611720054838,1.67064029613834,0.333726209241589,-0.257074778662518,-0.445064626348922,0.0900987187909173,0.383209166121305,0.107439779434979,189.0,0,62930,aeed379f125130f9d5006ca9489d84f82597abb0
136411.0,2.10406956034443,0.454049516895187,-2.0215330915935,1.07983994645459,1.01046564727154,-0.944047638405501,0.826254092010959,-0.483797615503356,-0.29732722037968,0.342120688281623,-0.792743266497142,0.573372029115402,0.91306370505832,0.589330888396387,0.132235513490543,-0.372255372599032,-0.593147886178174,-0.440468469399877,-0.299874087403394,-0.195389276832336,0.110655577345658,0.454926276176489,-0.0112219231748333,0.601422438685037,0.554385944301011,-0.510651025208612,-0.0301204777557101,-0.0570247430344983,0.49,0,206131,433db9ea969390735e25c9ee988b5c32de32cbc8
163508.0,-0.34293544293425,0.927879214313742,-0.177899297419775,-0.706124441996346,1.60851187038348,-0.830367460425075,1.16636411855968,-0.412409559046704,-0.0323712585614585,-0.568576117697578,-0.716004841814261,0.145570185834378,0.84847770196655,-1.37834232184231,-0.355005128269477,0.200156354389406,0.11969784246783,-0.249653674901043,-0.0915046923892152,0.104085634692099,-0.325826535171399,-0.581366625565408,-0.0186804777045939,0.408660399870621,-0.859180390311234,0.0138074311776625,0.144942470575093,0.0630707410124771,2.69,0,268043,abff03a2043f9dde096963b1b16213b4bd122e4f
3684.0,1.18630310915447,-0.285530947276661,0.793463121445791,0.605036089352241,-0.246038630496608,1.26451242291308,-1.01182170358549,0.436347928598669,2.24316015342418,-0.446418064387147,0.717383125304656,-2.43248677109651,0.496033310426258,1.43554219110403,-0.74450844655066,0.488317973097253,0.176335642237216,0.6808282921132,0.198188329227581,-0.200917989192085,-0.264163898990296,-0.383541866286869,-0.0915719863248119,-1.37769482825413,0.260618014953999,0.377547361527814,-0.0079380876121397,-0.008709076992628,11.5,0,4004,65e60f4dec4faef6a999dff34905e8431f5ccb27
25905.0,-0.576195336274114,0.837930665113989,0.896221301105407,-0.273706004874039,-0.287340643461935,-0.0846090781532773,1.147823797222,-0.194417046414805,-0.13982096928399,-0.339972941197559,-1.40748298730974,-1.00405796070707,-0.882865079473085,0.23691552963985,0.966498221444774,0.448096957057516,-0.64877908043598,0.231353840842392,0.329106829429329,-0.172733102356638,-0.0237000367539677,-0.118035308673662,-0.176570459882482,-0.449699182526634,-0.312525877217329,0.360074340439177,-0.115280917277815,0.0856212269858174,128.47,0,14631,b8073c1a8b15c32c6a3d02bdb6cbc16e52ff986a
95568.0,1.94315208944369,-0.420151161172035,-0.0877984564237869,0.723767060955876,-0.796517983872558,-0.467247092689237,-0.744930339742027,-0.119133724305198,2.56548910083548,-0.373661875478828,-0.0091592748014957,-2.17372228961907,1.72108625316982,1.18930902528309,-0.33476063410614,0.221803882144105,0.311498043849166,0.246120451394898,-0.578518484131781,-0.204861571201864,0.0837748362055002,0.684210014515271,0.129372666183856,-0.0068080780984795,-0.279345365994415,0.589950082791397,-0.046925866275776,-0.0513298146576476,29.99,0,150879,0f56b9bfee3bdb83d0bcff59aba6dd0146d4a52f
52428.0,0.765333606315123,-0.571769679841801,1.0591951793415,1.35823992242597,-0.83204463394294,0.602998772629735,-0.50236916933138,0.294219230649167,0.388241264283559,-0.0399728611180998,1.25899356303886,1.27142978521951,0.322040929807198,-0.060438177635759,0.121210512799642,0.196045001008695,-0.407137190485287,0.2448423672386,-0.607428702216734,0.197660043386434,0.305220140596846,0.696749696250163,-0.21894896706897,0.0634319492810245,0.353806210016061,-0.248799929557786,0.0515590483020959,0.0514948941612864,169.0,0,66984,1a8fc551662c85dacb9c27c2782885e24d402cd5
41764.0,-0.690948235832075,0.413475532834537,2.23182083772199,-1.53188642459844,-0.909665017401435,-0.412700609487005,-0.0626617736682308,-0.0643028449549666,1.75349358441859,-0.726031119087147,0.154297002403565,0.12062590012474,-0.482675422247011,-0.417377451193173,2.37487763321459,-0.53241007921357,-0.205809776655577,0.35347169435481,-0.238277445871034,0.0493652495234565,0.333371057808882,1.23941609784229,-0.20290742346276,0.416691516182587,-0.0802566150756948,-0.630407001148809,-0.187626175765538,-0.108973021225768,9.99,0,43860,4c646cf65bde8c595b991940ed440118e964d7ed
157310.0,0.136177664089266,-0.180948734193818,0.431026917681012,-1.25255077019842,-0.315371078281929,-0.981730844391003,0.273607991156731,-0.127792509639203,-0.78507145969473,0.232128861247143,-1.57831715993961,-1.12970713712975,-1.24269290102077,0.183990171537893,-0.223792769367356,-1.40458485374923,-0.139702535349156,1.24021872428927,-0.975083774420786,-0.584708422620654,-0.256928035574137,-0.316725724729601,0.0713023111084054,-0.0635897564957877,-0.527800582540368,0.552142293859917,0.007792669605426,0.0376736042961281,29.95,0,254667,e76a411c296f7ce77c06dce8a74500c1011aebdb
28242.0,-2.78724793061533,-0.0713403777285035,-1.50528777523306,3.36177713733967,-3.35742166883665,0.565834734346537,0.303653111125521,0.966914484943676,-2.24588195188782,-3.65142656863483,0.987277021963291,-3.83478156926117,-0.961354142524746,-3.18216808481143,-1.1260022842247,-2.95430081252595,-5.84121800175148,-2.91043029785417,-1.15585017273094,1.60739677185147,0.882940442444742,-0.246201930041865,1.75222678458672,0.219924964544368,0.15628169505776,-0.265894317684036,0.220694023253282,0.256076869786525,730.86,1,16808,f325052a5e419159a333b7355c2553f30629d0fd
96142.0,2.07474487548188,-0.206463901015851,-1.19134207092726,0.352686432183881,0.0869260358414997,-0.48100247836128,-0.174423451488144,-0.228841587791484,2.52819729885038,-0.557320406278333,-0.418134988992221,-2.4105567150898,0.957576013252093,1.58057614239666,-1.05059526969011,-0.567198857641561,0.623893030737163,0.0093223883131765,0.163153104333435,-0.292863571474939,-0.0973697599787621,0.231895479812149,0.0643100743074224,0.559593153039349,0.202406967072243,0.134445508845343,-0.0622047277076037,-0.0651405446438307,4.9,0,151142,2f9f88992043398e4e31666f9d23e2d7c8098ad6
153883.0,-1.44453583521553,1.39658941328722,-4.21749653622905,-0.209682735705438,-3.66783487811601,1.42478673128024,4.8675620810529,0.0564237973662145,-1.2806490973018,-2.05000484803126,-1.32420130711604,-0.8355453005956,-0.500330138916703,0.267632897942107,0.108465849904711,0.997063999738656,0.69140737229643,0.456158162018913,-0.391741696619896,-0.985885068873205,-0.0132306078734407,0.273341995270586,0.109029535593442,0.321008138683839,0.335730694616409,0.439105750103015,-0.0650344246350563,-0.55550213081119,986.51,0,247390,7c0069b06ffaaac5dfcfe68533cbb21d928d3ad1
130326.0,-0.348416358567962,0.650417042950221,0.427082814745063,-0.826029887901187,1.14347770291738,-0.44707247507868,1.01503223408305,-0.102889124013341,-0.653504120831349,-0.598350054399863,0.411259689535476,1.15770415935851,0.895398000842149,0.142105924221231,-1.42153525247214,-0.0582130188649468,-0.718013410544694,-0.28298603755003,0.456804701472949,-0.0081787869109928,-0.0896466694352144,-0.210042566669359,-0.0928395108224956,-0.509665687193289,-0.434049010960879,0.21031617378274,0.0941911543277564,0.155824416889677,11.11,0,193155,90b716e7f5d59b968cdcb47bd7413bdc55a016e4
130058.0,-0.837097884473043,0.528942193795226,-2.40814839570712,-0.175556809277033,0.65693595098102,-1.70254753579972,2.02161731522378,-0.353774417228002,-0.450147028204741,-0.0488756167618468,-1.27081213801581,-0.246034272433273,-0.633455336670778,1.06496482502775,-0.805092902774913,-0.680202719640244,-0.129776639257401,-0.501340403581732,-0.277514545276609,-0.615795823806971,0.412164810866353,1.72753117715585,0.622745301711405,0.0730655484777023,-1.02256178966115,0.404143156909505,0.30711845959923,0.24721311942028,159.37,0,192543,29b788016a2f69a7fdc548b28ad5e2157214ea65
4462.0,-2.30334956758553,1.759247460267,-0.359744743330052,2.33024305053917,-0.821628328375422,-0.0757875706194599,0.562319782266954,-0.399146578487216,-0.238253367661746,-1.52541162656194,2.03291215755072,-6.56012429505962,0.0229373234890961,-1.47010153611197,-0.698826068579047,-2.28219382856251,-4.78183085597533,-2.61566494476124,-1.33444106667307,-0.430021867171611,-0.294166317554753,-0.932391057274991,0.172726295799422,-0.0873295379700724,-0.156114264651172,-0.542627889040196,0.0395659889264757,-0.153028796529788,239.93,1,4886,eedf827f78e2eb510f0be0fb9b8ea10f14920e95
32845.0,-1.39317959257977,0.494817386412324,0.99298237108847,0.0674649758901608,1.27645650992331,0.087106260007627,0.945941051782551,-1.14318257507461,-0.99873819813145,0.142447440627932,0.624636350513995,0.611412321992049,0.990868029777351,0.128337158612366,0.363794110703257,0.117257390667326,-0.766332474153204,0.156859386520187,1.76854415873377,-0.260404052705272,0.258223018998237,-1.17737719570556,0.355296251741815,-0.837870838279161,0.436190806605743,0.221302709294695,-0.056917970648987,-0.287176839105618,45.0,0,23534,03d463ea941763e009d722eac11e3e1931ef9d75
93802.0,1.92237597318275,0.711262485773149,-1.37919280378206,3.69316059830018,1.4151815129596,0.61441824699457,0.458408818507696,-0.142298372974613,-0.194010163222266,1.23087285319095,0.875676923530644,-1.90741350966142,2.1948514729292,1.85141963667216,-2.7968313387527,0.661299457592808,-0.317583847444496,0.129754688332664,-0.95173661177931,-0.202876583067101,-0.143825356464143,-0.16674948963523,0.0214496936446105,0.0288345823997792,0.286019330748237,-0.0375899653912059,-0.0987435225929628,-0.0701270163058853,31.76,0,150058,604f3b9bcd1b9d1131a0e6f90154211873167165
67571.0,-0.758468652663917,-0.0454102784513458,-0.168438290153528,-1.31327481447103,-1.9017625315847,0.739433414882114,3.07189204639003,-0.483422244220096,0.61820276215476,-1.7690597207318,-0.651414013964987,-0.0054232908009888,-0.517194341398293,0.217469760178719,0.883558824493356,-1.17397764863161,0.24334710955825,-0.342300728238465,0.68705620239513,-0.0324998988871344,0.0426194565214976,0.397223782011498,0.0722288654476503,-0.242275996603303,0.560916469624214,-0.540954584325348,0.150606446374032,-0.117140114799884,549.06,1,100242,49852df65aacf15a3eefd208bf6b21f8b0451ca9
1364.0,-0.769546835122188,0.882482282595322,1.98498579023756,0.98715667933849,-0.260967486985689,0.329473889876058,0.0457834698897434,0.222629017155733,0.391435258443141,-0.0506647145420788,-0.736044137803565,0.0564783718450669,-0.257760448188022,-0.355270193627065,0.483264670177952,-0.789557322433622,0.344012146381606,-0.184852266145065,0.212206226414381,0.0553464163681398,0.207555000755347,0.896857321232079,-0.190288971954866,0.110994150837308,-0.137128123569292,-0.164592866966232,0.175586121489521,0.224659480715936,2.46,0,1755,d4a5a0c2d821160d94e9363188943606a2e6d859
145069.0,2.1705731680443,-0.318244718936508,-2.63216437340771,-0.926153685704039,0.844662683337744,-0.732432604920476,0.503623197974546,-0.330038077001094,0.485064729161467,0.0298502893590309,-0.383875329373063,0.16648088799255,-0.790312717589715,0.857146873543102,-0.626111079092901,-0.19132228769822,-0.661977012280421,0.19809282677148,1.32668530584092,-0.170823590807101,0.051202026696598,0.266509135401157,-0.213680163954921,-1.2914818317822,0.431522248365534,1.14256140757136,-0.154336806945698,-0.114564510850159,23.0,0,226581,aa187129d029827218b40f801fced8fede2af2ec
121184.0,1.83268762962307,1.09949526525756,-1.56760427466069,4.1033649105081,0.903061900994454,-0.552480094180271,0.371676099357652,-0.0326726852696764,-1.32002366470441,0.478710855636116,1.40676566499752,-0.0565503741789838,-0.511305854265914,-2.24932803583812,-1.28501632880367,1.84579591820532,1.21356797326188,0.88623925064478,-1.49031992670758,-0.20424295361095,-0.363259959273547,-1.0853309851118,0.305361210652646,-0.247694922280135,-0.310321313170042,-0.367068296008111,-0.0106799277670271,0.0100859435666857,16.25,0,172000,2eef84fc6c4aa024e0cff7f65b7c006a7a8c9e88
114745.0,-0.408040045947316,0.289912897803039,-1.33075155007187,-1.21398788711183,3.50909245917016,3.35345255484399,0.830618361673449,0.452591884612957,-0.347493291677717,-0.0313012643119791,-0.174766557676476,-0.192043746051027,-0.480536227081383,0.261973776914874,-0.0501195559808851,-0.903903322247285,-0.201136836214033,-0.757576013090819,0.405216502583768,-0.119065153180707,-0.0488462179282839,0.115990664771254,-0.100418276426907,0.753960374840232,0.322008832741155,0.4316853557922,-0.38261859349716,-0.248533034863798,22.98,0,161403,70aabab81f48690814235dcbcd693efbd6fe6329
2006.0,-0.488941447680447,0.0748200260267647,1.65476117961893,0.0152316002664279,-0.696471474377667,0.449217104187719,0.552623818450207,0.115480837904381,0.251659507376285,-0.764858761067284,-1.51325449431093,-0.244860007613826,0.340968450199009,-0.486593909911067,0.49756562839097,0.516428049269879,-0.631286865849459,0.49842465467049,0.188602210328796,0.351435504178806,0.20511844648481,0.440803959479685,0.0833972274781071,-0.404746463741714,0.0752721331244262,0.579059922891811,-0.025784047285596,0.032305235171549,168.0,0,2422,968cd6c90ac50f63a9201e27bef9c0336a7a4f2f
165149.0,2.1147146006083,-0.0902442863075894,-1.38542689245175,0.242563206725235,0.198477911887841,-0.789872848403006,0.150709244981011,-0.27166843992874,0.633641033058046,0.0821874211233038,-1.45944864063474,0.0478673365312202,-0.0722843608297615,0.283698900250265,0.124434376494357,0.126717235691782,-0.546132361263459,-0.591355940323085,0.431312468148431,-0.216839835414406,-0.341681875840411,-0.859634593960889,0.250308204872273,-0.723128136212161,-0.207160045463104,0.243448836450929,-0.0735061602872159,-0.0681069017809213,1.98,0,271538,ad92adb97e046ccdca9491f48cff5a10cdc3dd13
37934.0,0.927438531789961,-0.0632731185385954,0.538398764018469,1.46150092080934,0.0299678339596152,1.40451752168174,-0.637230880813281,0.631596624214629,0.894799457828851,-0.857186257837474,0.490097966871321,0.451070378032243,-1.00320275704501,-1.18772638335898,0.691901809089003,-1.37241128518756,2.2571416773063,-1.76483107671895,-1.81945856556323,-0.292342548845274,0.0361130755898313,0.509623335189652,0.0350955299666159,-0.710378757674584,0.290735167503862,-0.166967352753126,0.136929318720694,0.0407357496056998,20.0,0,34907,64c8a64e97bae51fb979f4d8ecfcc2c7aed409de
129783.0,-2.03405399835637,-0.15357859554609,-0.563894672538451,4.69274808979944,-0.748156342980214,1.88745771679893,3.39303648542704,-1.09028643543193,-1.71211123065251,2.14604677548032,-0.808463018023046,-1.19898300323362,0.505280244347131,-0.135185963638092,1.33560058183999,0.123605303980403,-0.334890669523325,0.133800530866549,1.20815745022166,-1.6439233285785,-0.332010937182687,1.34313929231949,0.773828314850696,0.718896975400035,-0.358247529120008,0.491137548402507,0.324800086032161,-0.263460062760776,567.47,0,191915,11479e66ec5f532eae4a5a6327191d063d18da10
156188.0,1.92892407788097,-0.177129069471784,-1.17274320965732,0.235579884981825,0.528127180420873,0.354628445801467,-0.0431478380501227,0.0959550612440926,0.474036952287655,-0.0807631171756635,-0.0128068898555129,0.90412754863902,0.405827664471846,0.284631719179394,0.81745747302027,-1.05328184688195,0.568615388382258,-2.35260184984153,-0.993966822391961,-0.30181076222736,-0.199866878650225,-0.307083254301834,0.424193843889924,-1.02270115803306,-0.512328333434943,0.294817867868369,-0.0146480695640587,-0.0709340204704856,0.89,0,252365,5b4f2d02e9fe276f5438c30f87a47e4470cd5321
79375.0,-0.36493616011849,0.95654906009353,1.67899478424747,0.544639779160983,0.027153230933338,-0.430589087925071,0.802472394409026,-0.008072009124988,-0.617927690962891,-0.532111224326834,0.118297278639379,0.394318232804392,0.358899401928991,0.183790743358614,1.00739427443088,-0.26196545931321,-0.099866105077319,-0.7720760192937,-0.639476669145296,-0.0393344625558714,-0.087728877035062,-0.295088765532951,0.0840861267060846,0.364623266846467,-0.15903876387864,-0.664095651091196,0.0604714188479341,0.0382933627776487,31.99,0,130048,79939e334de638297376b5461347ac79ef9ba802
64263.0,-0.177898606379594,0.666466496802968,1.36445795351621,-0.285720314680299,-0.206330354053007,-1.01561756852959,0.470815329631591,-0.130610959873327,-0.290210390277973,-0.396240290068821,-0.462447896120472,-0.444620322496222,-0.516800673535027,0.322024977459167,1.29949882791245,-0.0917944523303057,-0.0269858945209079,-0.157292744069068,0.879443156287348,0.0313116110994574,0.0145818998923616,0.0282816821655302,-0.0226195402861674,0.446664433344192,-0.72794556590638,0.955528975353276,0.0723314774624211,0.146950180132682,0.08,0,92798,817c371f503afa0c73a251ab9de3df9f76c02ef0
110547.0,-1.53281036094493,2.23275183861699,-5.92310007493809,3.38670841159996,-0.15344334000728,-1.41974768064009,-3.8785763388613,1.44465586239817,-1.46554214173397,-5.20833459337633,4.54630106888309,-7.76119403219115,1.15954032168956,-5.23161145654992,-0.171642119460071,-4.71982949844975,-4.84799196061678,-1.13432874514983,3.52773827223549,0.520839865969216,0.632504705856676,-0.070837950713368,-0.490291315112446,-0.359983126080465,0.0506775325943162,1.09567132878655,0.471741401676933,-0.106667140739625,0.76,1,157261,648f50e73015fdb4c838ce23e69683c9274bcfd1
120936.0,-1.26647370769477,1.57663861343004,-0.0143022544772549,0.873397005865008,-0.178868107295265,0.0974792853536354,2.53722188907775,-0.38346469907263,-1.07522228444125,-0.236647049043768,-0.912157867434358,0.418705175217218,1.11064487724264,0.201331829935095,-0.190720921003159,-1.1033449002748,0.163925315851738,-0.474582907625815,0.931549701731458,0.0082811387080759,-0.0408750161320726,0.40631548638351,-0.553407063110863,-0.0951197751961255,1.23503201229881,-0.20404720509056,-0.0825782256631611,-0.275904467394418,263.99,0,171415,02794e7991dd9b05ffd42151dc3fe35040c13b5e
86875.0,-0.366384727699751,1.21518623333421,-0.375893185889103,-0.751571054844622,0.865913335372155,-0.51504731833415,1.03203918554799,-0.338613538495403,0.271462671901518,0.108083042991123,1.13053415381123,0.133707337066414,-0.837489636009986,-1.05550485681614,-0.806508858598847,0.377061975954865,0.0668857444645247,0.259889676100915,0.0313023039118218,-0.0116331326140376,-0.247676757265178,-0.735520318301172,0.0928612614776979,0.637272808185719,-0.581272586821783,-0.0050605643873065,-0.635264984704934,-0.159349671903764,9.72,0,144816,b84dc9f3efea2e9459b9f5b3b13c44e0ad823eb9
17215.0,-0.429124274964505,0.982902185952809,0.6827042817106,1.59362337922351,0.0750521149756571,0.308171009363299,-0.0259924131455855,0.507907516104617,0.264161019377074,-0.365330304739106,1.93972310341307,-2.03929143574922,1.37202674526789,2.43682665469816,0.426720365770075,-0.536530802888796,0.987336838745974,0.743556175524,1.17391880499531,0.0371118052656471,0.129524233292959,0.452552437577037,0.034592814535179,-0.364590764562564,-0.41221098959438,-0.191801982313445,-0.0061132733431952,-0.0121306706798959,45.29,0,10452,5da63caa0ae05e3d547d866aecc171a28d4f196a
139951.0,-2.92194437582996,-0.228062380877632,-5.87728864550113,2.20188352154659,-1.93543987294876,0.631140872429647,-1.24510634194653,1.51134802001741,-1.89998665663916,-6.42823083022309,4.22915426403483,-5.29231414644205,-0.888086758827616,-7.67225031168781,0.547571031984509,-4.30705980241373,-5.70117436362661,-1.7728029372439,-0.193132205838334,2.23073487215795,1.4416222749673,0.895527948704547,1.38551112812,-2.02802422921896,0.50913097167708,0.172642921018111,0.726781012281488,0.234513922496959,723.21,1,214375,210e91d021859c145632b9e592c01da058b5977f
170297.0,-0.989457808565509,1.62471881356999,-0.417604070496143,-0.718456391570822,-0.0024773456759188,-1.17683364155012,0.672235474240183,0.229236261303779,0.309205357579057,0.275928984670302,-0.997968050461172,0.49694178357195,0.446983931169807,0.140443696403933,-0.429110052517038,-0.0283331481407876,-0.311584861465624,-0.782886581277809,-0.15827880309172,0.254883891280718,-0.311837452010461,-0.63092044402902,0.149400342479168,-0.0330975866960432,-0.287949283506494,0.15719294195045,0.440810745278643,0.227306906485644,11.28,0,280538,08762d7d160beb8c18df51c83b350ef7003b2487
139615.0,1.96784989684442,-0.562364644042223,-0.351437815314291,0.307487111521105,-0.688809614269693,-0.0765166214556698,-0.806809906068746,0.149487344327153,1.1358458777318,0.19692609731425,0.252314143635463,0.55812226798356,-0.55437959078886,0.0483041898661457,-0.250818241394535,0.657885297209031,-0.834084439123525,0.698727639785562,0.172150846701142,-0.209043145453677,0.180846068409842,0.676138248393228,0.110707963132975,-0.366676718042829,-0.283398078068844,0.575274518554187,-0.0281913737567827,-0.0619383539891624,11.5,0,213545,d251814fa2657540755f8ecb627e63bc215f814c
11030.0,1.22754511055653,0.0199772501074434,0.776998288494365,0.121628552209982,-0.516187779150703,-0.295230616385678,-0.473450355023351,-0.0953610064930966,1.33563136694321,-0.382579576039681,2.23108113920809,-1.21224904086595,2.84353303535165,1.43679390111778,-0.214777247804007,0.728778648678815,-0.137581789963911,0.625444118967739,0.0026369851975625,0.0102387933533223,-0.0239972264859319,0.209155120598072,-0.0809706725572072,0.0624537343120313,0.257341060304619,1.02995158406502,-0.0866624991069982,-0.0052562147350833,15.95,0,8086,9e2825be9a3ec69e29ff563f23e4c4e33f7ab8a2
